0,1.149576022121843,-0.34754386181204583,0.7932111589392346,-0.33072477295639013,-1.5588478722103407,0.8542380922257827,-1.5236491743255238,0.5915577754574591
1,-0.007448321549706715,1.8157126604817952,-0.06708449772762992,0.9184705346689092,-0.8400674162219061,-0.8020095835943684,0.11384710508057654,-0.793811610411288
2,-0.40446334685989166,-1.7322759349813495,-0.646521444912868,-0.2813779525819056,0.024106981170277486,-0.12271441220723765,-0.17038643225991212,1.24879768734982
3,1.0061652454074748,0.6173219664323673,-1.465994418222342,-0.4293485019129437,-0.1674730781941111,1.437898569656764,-0.8824967272693818,1.2473821064790362
4,0.31598483321450055,-0.8216762813211167,1.2792097071517214,0.038698479919731785,-0.34621704656877145,1.2661848654555266,0.3797373172794753,1.9225371901899717
5,0.5797729029960865,-0.5079737718636476,-1.3570011242195308,-0.11266378848730024,0.20426111893020746,-1.2042528378355126,-0.02236257015276662,-1.4243322273165209
6,0.999369535075055,-0.046022400011600434,0.0295401501607889,0.18961794029619172,0.06939720657626133,0.31183256078319893,-0.750369119873718,1.4597921764156465
7,0.33999522752535244,0.5411131835724774,0.7819605999977234,-1.6123869294314186,-0.950034614814599,-0.5889533431142575,-0.44243875879367306,0.33380014279831177
8,0.8185873436631503,-0.2766502356907389,0.7100795903070248,-0.7890290877033215,1.012275572192511,-0.03614947662647819,-1.017168407503544,0.302217712862699
9,-0.3471735701581004,0.6942957335260085,-0.2197238066341898,0.3583608732382119,0.06575499436795057,0.2608786821903185,-0.02001944180914435,-0.5413956405525828
10,1.7688141966836113,-1.2023970147337704,-0.11875668445282411,0.6562399173425518,1.9516265609823047,-0.23001552691772742,0.9325206904017309,1.068999898334426
11,0.3897096725814769,1.0129574741056606,0.6284467210950222,0.4168329248171409,-1.0492890426167867,0.7793469928623835,-0.4057845264913595,0.6601561308204581
12,-1.4330863692584852,0.7423008513773682,0.5593458405894253,-1.1266649207296424,0.6589026686834254,0.12298443591586944,0.2714754778807898,-0.9627475074517131
13,0.6185607213356625,-0.8983573940076824,0.8761877524801889,1.6879562724928407,0.6655900705151099,0.4922900187550894,0.6026443129683995,-1.0762297205454918
14,0.44571203807715465,0.6021462872454173,1.441255739133708,0.777621966700871,-0.18870549977952383,0.2929630755821576,-1.802024270708295,-0.5767805231954761
15,-0.24707584809686547,1.4991045833933645,0.5720298590664248,-0.732257373567121,-0.21031920121086634,0.11889669315462455,0.8959323771946911,-1.8388412409648385
16,0.009193075307974384,0.2211219091208558,-1.458407247267523,-0.20415521064563508,-0.7406083265547146,1.6437337512255819,-1.950874839513002,0.5700590916091238
17,1.8531140477601833,0.017882829173245896,1.446169606531667,0.3758483978121586,-1.729072344733132,0.06504049707013512,0.4654931308061856,-0.35874489888654487
18,-0.36942320493712005,0.3202453881161662,0.09375689458601139,-0.08172128145406601,1.3541115085281603,-0.5998643340948344,0.40294505269120867,-0.9487579869448051
19,0.8276883637930609,0.43374090765331597,0.5061566056067887,-0.5717705772162357,-1.0685646180412727,-0.9252953223264826,0.3596853671315284,0.7843648962326478
20,0.6711894578981538,-0.37260050909788506,-0.3155402954565021,-0.139875412259087,0.5092225457918124,0.26673451116353164,0.584957884096788,0.23111949350693495
21,0.49097285913063293,2.0540433060868994,-0.6854758953236676,-1.2740298524034797,0.48116609113023073,-0.3252558096060707,0.4305232462682513,0.1698911410142998
22,-0.2208152391363956,0.6742849479180119,1.7154803382465238,-0.7458835717585123,-1.2618805333639223,0.32531788388454375,-0.003847319200508996,0.6776055589557457
23,0.4883455485622577,2.4472759174357863,0.4376483110015466,-0.9529298114919085,-1.747951805925322,1.6770565881488995,-0.7618917495797953,-0.5233468862122213
24,1.5506775019274839,-1.5024911300994364,0.6858026322622401,1.1107559248069696,0.4936850188404643,1.1008190298663432,-2.0281905121957817,-0.3939660383821113
25,2.2400790540559172,0.18194626441419537,-0.09564630001006687,0.6995716616679303,2.3103040093868703,0.3559101276068964,-0.5820211204120979,-0.14145714449392097
26,0.6929804655176097,1.2557915587497157,-0.8848966598006943,-0.6969286077251993,-0.24328907025518917,0.003176633480839342,-1.2078827900678606,-1.6962091067676777
27,0.058929981081165275,-1.6212219645978503,1.4800470828694476,0.03292772279427838,1.5976706848679678,0.5685010179089373,0.8208469348053035,-1.076127968338825
28,0.3373339040841851,0.5872376989502355,-1.1009987947678963,1.083404057359389,-0.7573535905180188,-0.3004355954008291,-1.4530799225416227,0.23341788222266516
29,-2.1164599687850205,0.2790551152317878,-0.528415313898218,0.11795245056387822,-0.044723962198847944,-0.4300110792429121,0.2098127885349285,-0.6984636341856262
30,-0.09216104021495082,-1.320333901157733,0.04453972531729441,1.1949714250232881,-1.6555533519538002,0.39614414257330766,-0.46465744515475,0.522846796642324
31,-0.9257311271385059,-2.433262287175388,0.225233757491305,0.5530876535720595,-2.7472991402429643,1.134163191186587,-0.06706825792500191,-0.007956146352054261
32,0.5912481957909441,0.6055008151175649,-0.728899303316992,-2.1024323223796024,-0.04737052899552965,1.5840498323812997,-0.9959274897622613,0.6772981579590249
33,-0.5718325833548822,-0.009447991961998593,-1.7241127996100667,-1.1687870888451983,1.1668972603277648,-0.0708610000135513,1.2238967202738102,0.9530506361292289
34,1.6144289864032604,-1.159205684075849,-0.6664785616365032,0.3733741075824611,-0.03740967449628034,-1.3513542168124153,1.464897762789895,0.07485074440353046
35,-0.15368961169043563,-0.524079035802153,-0.5549944214267772,-0.8148515847611009,-1.3774214085496264,-1.3204378836214266,2.4085540901762155,0.28121485067661023
36,0.4724499094128866,-0.7083648157857723,-0.46447175224951565,0.32256333703265355,-1.272509442208945,0.8874119645013028,-0.6997126658413175,-0.3932698388370364
37,0.467813655869485,0.03853343875156879,0.6489859316486576,-1.8452862377080235,-0.4458618838793987,2.442610266669011,-0.9499524076927339,-0.5220243255209052
38,0.6208905079368771,-0.5685945401377964,-0.6187236596536739,-0.16228109239113153,-0.22083847670502868,0.5467829064902086,-0.9533619307037242,-1.7316003608746016
39,-0.6897215896962482,-0.011534086910515825,-0.2970642392500884,-0.2071705158673566,-0.7380470890369686,-0.6019249518610054,-0.09076159030946652,1.0129162443434854
40,-0.16524523526124413,0.5560296632696097,-0.562165523041144,-1.8773366956782607,1.73843226232785,0.4076212613102854,-0.8328509898476713,1.45807864184679
41,0.38608476494532806,-0.016666054144744695,0.5041043869627729,0.7423306669394799,0.8480010320873073,-1.2609443212216496,1.4414804001356225,1.4707155082864416
42,-0.6292558719019697,0.6264154894324407,-0.5045246900046292,-1.714340478783576,1.4632123751950876,-0.40636684449439203,1.1340381959729222,0.4939068354965906
43,0.8616633345122116,-0.015917450146053863,0.46343850020427985,-0.6978216774789852,0.3997180337198732,1.1409650030679108,-0.8812892219379395,0.1913646273688819
44,-0.34126692718258,0.9118539549547316,0.6253087592284868,-0.05244743579041745,2.082721287037304,-0.3865586809903467,0.22724598631259127,-1.7474644764789222
45,1.9063922522668155,-1.3784720383361175,0.671332963632775,0.03533395611563684,0.27614742206597953,0.03915782530531204,0.19530864600506986,0.3995527424260569
46,-0.4881813903494327,-0.601833489159044,0.35753386887989347,-0.9161043873744463,0.2882190120626717,-1.9147775342084588,1.0868486835603641,3.1493186421961417
47,-1.4823965398332428,1.3448275912556136,-2.8883828361098325,0.27876390733832573,-0.43080528015915803,1.2876834216600388,0.05717237382503467,1.3116613877534828
48,-0.3872327326466545,-1.7551502625865298,-0.9957110127199896,0.8269642088792177,-2.9226847128806215,0.17812112788892548,0.6404298241304118,0.43742290329617445
49,1.0736948876080084,-2.6060498378783525,-1.4642076686472278,0.1944183252489602,0.8634541922182621,0.046978917194426484,-0.7345749377082951,0.42853654874533875
50,-0.8328137386466552,0.2809769845348091,-1.324931373312836,1.0456578621918158,0.03208342464262683,1.0000628109005458,1.676897976864544,0.5542039073132833
51,0.20816375697037692,-0.8919662480731527,0.7031459552653926,-0.6791637400146783,0.17320608767129242,-1.2612901756899033,-1.063589429272596,0.19568014923773475
52,0.31812271376268786,-0.17891720699480945,0.1727127054083819,-0.6691764526450078,1.0872297713432002,1.1203719260953704,-0.4689910403922523,-2.7741728254952536
53,-1.1554991004650073,-1.4413598260857183,-0.34866304022507416,-0.1947887480018271,1.2059282954159056,-0.5424587648482457,0.05553123537552712,1.754360475952361
54,-1.3249969750802737,0.8414442412965767,-1.7548426589523403,1.7162577416554365,-0.5091995531154454,-0.3938196274724008,-0.043609412988987295,0.5375177273551899
55,-0.2604007939570067,1.8666441962177436,0.06157843868837225,1.1209367776712567,0.04209595225672282,0.3088501792296172,-0.6714962502783967,-0.29435921252383684
56,2.4310310133869204,0.1749802271265053,0.08585018113362462,-1.0789338395665218,1.368919259243766,0.682767640455619,0.2785707444149011,0.16882326341336884
57,1.113159170115174,0.7008004147003473,-0.7539407383194355,-1.8146189878817112,-0.6006620214779002,0.49130375159051043,0.32519273604789684,1.1610850520532374
58,0.018267659484605285,-0.23307092849285316,1.6647828445827604,0.576303393933313,0.48491029486689763,-0.836330438695015,1.7154380116148935,0.20897926621398039
59,-0.9996484852403066,1.0705568128191185,0.8477952448160717,0.6671659632549637,-1.205275951899366,0.5636368130132232,-2.050209671297883,0.07571758966767708
60,-0.9248289848907345,0.8715359492452821,-2.3612465392741755,0.40902720403642057,-0.7300842169319988,0.5811073160899152,1.4380786585875278,-1.3520150626196838
61,2.5978201131474363,0.9403142577907425,-1.1545422901661797,0.6602504848436841,0.5782021379979488,-0.16328729348851087,1.477244311964927,0.7791360994444846
62,-2.221774093283383,-0.9383003129165469,1.4564229371711992,1.3429329938826307,-0.7862892865625313,-0.10402840438848834,0.19418736115262247,0.5151974717261772
63,0.9264829268542388,-1.726996529479694,-0.36754853964739087,-1.0200850703539919,1.6379542712432809,-1.5815393120544363,-0.7213823850927867,1.0076713483866764
64,1.1896723694682092,-0.3889287357484368,-1.1803854967198666,0.07156709412642734,-0.7101665877746413,0.9391428263652672,-0.6861380306197646,-0.6305219009319328
65,0.1629442848600452,0.44688543015799054,0.09360609086555796,0.3440454152148374,-1.0083690794769462,-0.4280094089399733,-0.43943508319367725,0.6937916452409641
66,-0.5987342970434719,-0.19663871691261772,0.3080114926522325,0.7893489828592675,0.07654980577233454,-0.6590611526812848,1.7531407172952662,0.7839513124655789
67,0.47215316071388236,-0.1499874215300929,0.6049747215925083,0.8041926740072844,-2.1014407625609053,0.22440028141210303,-1.5130084420732117,1.7916454795938817
68,0.2738229072587163,-2.0670528735744105,1.3904818535762298,-1.0467385381946555,0.8585171599749193,0.7678186265846065,0.01631361633461179,-0.3733091356291747
69,0.5283290112167799,-0.5747182820487581,-1.2638149534311718,-0.812904894062697,0.3709218212792038,1.341003253756498,-0.22280926382259558,1.3113074054061673
70,2.387933786586859,1.3427117107368,-0.1772108068761751,-0.3592503609652395,-0.22366950369641117,-0.5241749769073505,0.21666684475715106,0.6274432401528051
71,0.49090302087638343,0.6329006628105885,0.8551697270667044,-0.7200090578688815,0.2054454229000398,0.02833070505054498,-1.2215683325239326,1.2871576478465907
72,-0.23530321341882052,0.6900014564502205,-0.3877226341345915,0.8079040300838666,0.08349058701506648,-0.3202928376514685,-1.1932777695106158,1.4661911647170598
73,0.35510099076802426,0.8766683015891406,-0.8303557631548472,0.38300940433942476,1.1310295928374776,-0.47223698331330205,-1.8446416856747907,-0.6838868006351158
74,-1.8789810930003537,-0.9240219242867019,-0.3338387646700203,0.28129446215487447,0.5155818176017638,0.517871977969747,0.7022382435117456,-1.9576223573714557
75,0.4715884439045498,-1.9350761244231287,-0.43444871650857597,0.08266395144638954,0.5237773539172295,-0.6686092933513551,1.0497382986867754,0.2392718578536903
76,-2.522900432953508,0.6172826293976613,0.28069921545341664,-0.41610165168186497,0.3928808558218601,-1.2854717315621276,0.539640974168001,-0.32558431367479507
77,1.401186031643699,-0.011021932389993744,0.14497354028210144,-0.7836455463356289,-0.4645290476193981,0.3169366212966827,-0.7713747818622129,-0.7303894550853516
78,-0.431253027555932,-0.8620757418655272,0.9471067137823823,0.3157367200083561,-1.077041109744978,-0.8082950265652596,2.5474538055324847,0.04086820923196216
79,-0.12290561387973904,0.6609115584888127,-0.5925363081436805,1.2571846244790474,0.6445896605277229,-0.22726768650316917,-0.056722741253429514,0.22585329987824004
80,0.4597550133868866,0.1419447060203371,1.841833445793398,-1.7147835316244167,-1.246037781050556,0.5091133009639102,-0.27907873911080394,-0.8520062795238085
81,0.4835454643626046,-2.704464358758437,-0.8236896129123139,-0.33082125679207697,-0.8956162387844744,-0.21177097989621388,-0.7393976854246103,0.20374889065023988
82,0.07761129152842018,0.9371671789321498,-0.5583327652933114,-1.9045205089614192,0.7395982687250191,-1.4168847311946595,1.9219890164991273,0.8489392205528502
83,-0.31280594431086756,-1.3453269173414941,-0.3061887251680415,0.3825161319511789,0.9174031677283846,0.1456767454511806,0.6228080712619769,1.2792630490093315
84,-1.3617493408332133,0.8401781230640092,-1.6092293158840836,-1.1911843187383067,-1.4463240027582527,-0.8204289562636442,0.39437289853867824,-1.132289090533465
85,1.244146911712963,2.364243954851705,0.38348134404873263,0.9229154187845927,0.46902597930235,-0.5583931263307688,-0.6487248934995204,0.9674729643616298
86,0.06762760308111636,0.2156831794834888,1.3904817193447823,1.2714437807671548,-0.32668767614074207,1.1743526505124873,0.38155447474085696,-0.1546379178305077
87,-0.07396960661892903,-0.27221204691315637,0.22507934600922722,-0.3209287930211202,1.0290461808061495,0.1484574304249548,-0.8317233715746661,-0.47044671563736473
88,0.2713132077678226,0.7193975295255635,1.675061296687326,-0.4185322783970571,0.1846137454986853,0.3168190482723895,-0.6492503276926117,-1.0368349319072103
89,-1.9674980156962707,1.0228360556882417,0.7692352897297847,1.0609110091142913,-0.36004520550563474,1.0993928580045378,1.471760158613976,-1.734574501525244
90,-0.8083909073326785,0.4787527753779622,1.0965989643496845,0.6349370178505713,1.9389318194743101,0.6650551511379875,0.21791088035274905,1.1675328584471893
91,-0.8822428245367984,1.6318159077884316,1.9988295659320048,0.8231412122527118,0.6278092909056082,1.2677525082919074,1.2337622545459004,0.6781778022211918
92,0.5338073184166715,-1.4845366918805614,1.1178177168388863,0.00042690481425891304,-1.9354273421426775,-0.20133390339585414,0.9297005437491429,-0.3543712184139443
93,-2.647993820312009,-1.1785578558630636,0.03817375597881757,0.6172230671340783,-0.7956833952880216,0.6717371986384152,1.613126309536697,-1.048517684012299
94,1.3410929123553625,0.6947285640822946,0.2100714458943836,0.7750503261502902,0.5309342087128608,0.0814107200018126,-0.4334679598839766,-0.25222767384220074
95,0.39313284581300006,-1.8239617738178266,-0.6503135721178984,-0.9905655270237421,1.3032499592577604,0.3279504081909047,1.4918839186785364,-0.5587436430314238
96,0.7155793520818627,-1.7730697987847779,-0.912664839902539,-0.5148559953303629,0.7714130769484099,-0.11026020695518696,-0.21391729893517725,0.6588272207201485
97,-0.43241047021814244,0.31936176870912286,0.6037713991702839,-0.8488096643915468,1.2841511749265277,1.5859719565186392,-1.9104095236296843,-1.673111838876942
98,-0.25070192970980076,1.6354453330803014,-0.21869053291405285,-0.2625435365747154,0.5215395641730393,0.5390608354098565,-0.8012242606597928,0.014614451322628423
99,-0.4635844706111234,0.8394914787490486,1.391404945597195,-0.1927808418213101,0.8444394044797379,-0.40132468990414166,-0.6176713240696434,0.29448041258389873
100,-0.30363404660969767,-0.16009927824175613,0.7801298948307457,0.21200368203138226,0.42386754676641747,0.01821910758155903,0.7052403943034539,1.1379680748165981
101,0.10841903962481864,0.8060727289638838,-0.5103248555412866,0.992383045513173,-0.043565100037923306,1.3682298941899966,0.16792340631336616,1.8065748926407559
102,-0.9061658775124651,2.0498640423585375,-0.3700592348561807,-0.8384929081578144,1.0304335031785405,0.50684917305354,0.08569251491565705,0.2213708287674564
103,0.45476443505996167,-0.8600127587773251,0.335082267014054,1.7591909415763902,-0.30605452457744886,-0.2440516470728174,-0.966069824845196,-0.050762175184075234
104,0.34278360401778635,0.8369791454802881,-0.15506434150405254,-0.44531953922467904,-0.5130922083705882,0.8187814501110365,-1.5374254628631316,-1.9896612627574572
105,0.5277121655796619,-0.18075904387941863,-0.04828298293638951,2.756075136815367,-1.9226421805134624,1.2630922097554296,-0.21235739880956514,0.3654011799314502
106,1.8730298677733648,0.5675461017236971,0.14939567597576364,2.0297228871447737,-0.016816197151218674,-1.4755127243811603,-0.004802062243731832,0.38123640209359383
107,-0.42389573219377497,-2.0230816051363028,0.6159476256887134,-0.6881841998956127,-0.03173492403959538,-0.16739883410956438,0.7493643308179005,0.40402431538334416
108,0.7670421821424407,-0.42163197980092465,1.1522395474221514,-0.6722803735135826,0.6297181635836644,0.9597887511638479,0.580696016794902,-0.5004250458672599
109,-1.0555689687874634,-0.7999391018195599,1.268021640138013,-0.36728234368740725,-0.9776988743358287,-1.046237710207115,1.4616344483148025,0.24105393574850734
110,-0.04848049210348287,0.19725258654807917,-1.9446115373722854,-0.4492051047233665,0.09146562104162574,0.44964418794886307,0.00011590805070923904,-1.1625976848140371
111,-0.9085444562202583,-1.733990866326277,0.65725908559803,-0.2845193642669083,0.2217981636042574,0.0655854699321681,-1.9947802059136748,1.5488498130823336
112,0.23116654862670294,-0.06478354754948647,-0.30325071133637194,0.07484469001015094,-0.6529600533364192,1.3870192379085233,-1.0139671226591975,-2.24018287777606
113,-2.264602480139428,0.296630961882963,-0.9983751254604625,-0.6225882706036298,-0.6400049671457572,-0.6552680610840924,1.7087556961000363,-0.010657893327375708
114,-0.3294061087416262,1.0449359720691815,0.8673737890012415,1.0210145441274214,-1.1075553773952411,-1.3148903180418974,-0.1914095970121126,1.5374210271311803
115,-0.4729732432404109,1.6970642237101352,-0.9559670267944167,-2.6351020212513667,-1.6347560329178987,0.6990054645416867,0.4657269201443074,-1.0108440384319373
116,-0.8279973498291242,0.15612735744819703,-0.1988095490136778,1.0592818617155542,-0.5353003093514298,0.6405388648973208,-0.40339482589083153,-1.6712747554339613
117,-0.44270919619342447,-2.1845072443963827,-0.7555230546879637,-1.301358930240195,0.8234742898194612,-1.136803025850434,1.1354419365105406,1.3220690933463046
118,0.34251295040259966,-0.7404768214523801,0.5656479722302841,0.21687071169833308,0.5766390673686166,2.093146100692075,-1.7336237980603695,-0.04447022332775543
119,-0.0008638640658561662,-0.19419178317430294,1.1415694375729868,-1.997760551664501,-1.7800322065253316,-0.4002404161385067,-0.30565625226297544,0.9936318423207077
120,0.9701518340654005,0.4367028208545017,0.20011829705910517,-0.629594874116191,-0.9436059109100929,1.6660390513852557,-0.38489557451731865,0.13031796652803465
121,0.4760287876570591,0.6957382680889468,-0.03710071849051842,-0.20059503143184862,0.4129436153931771,0.7146495265070636,0.5327695485438656,0.4817337441593985
122,0.7419141497831925,-0.6065205099385776,2.0793575009431877,-1.5147024047500075,-0.43397176151357936,-1.2431213981099931,0.0578133500322337,0.7703668661291507
123,-1.7796452784108021,1.2633638874532946,-0.008626182483850863,-0.8611456458005947,0.8256334095657993,0.6009179839481779,-1.1557829550445056,-0.6356241925762139
124,-0.7102345421286987,-0.967896315206315,0.6499255851354554,0.5575945993079086,-1.167791961230007,-0.023018541004106746,-1.825778558691113,0.12866161079108498
125,-0.5487399343124405,0.4842849100741236,-1.2508152471427576,0.013612544094477593,-0.328575310929845,0.8818033423399418,2.053504729869077,-0.6467611744942035
126,-0.5023104823514126,-1.5196444369851816,0.7711679646271188,-0.33802837111439976,0.9811517795520902,0.05190382824185656,0.841667035681774,-0.0733291626056033
127,1.598782343229036,-0.500959965263418,-2.4617290402761123,-1.1078490745127272,-1.4341956958345323,-0.7130737163194701,0.6718209491289215,0.47962696440801833
128,0.11754929674627869,-0.7298863796204776,1.1607480494396154,0.8391464819854936,0.24026694603215443,-1.457286740316797,1.0024823411421775,1.4227784646441217
129,0.6141109588375128,0.1428631649955244,-0.08136217285667925,0.507625289899461,1.1920828953989522,-1.0221961484728403,-0.14780297165415401,-0.4959687278903838
130,0.1924709880008596,0.1737227294740244,1.5941758332908134,-0.8197406159657334,0.33985520094302013,-1.5673046366443675,0.5637941016194117,-0.4161410817951291
131,-0.7765410271876112,-1.6838145388089363,1.3337253357502117,0.39138590272735224,-0.3849879805501632,1.0904060717754551,1.0439228684325637,0.644732665619396
132,1.1851498004736476,0.45996426272100854,0.11488351853799833,-0.3844655679552566,0.10201469037492933,-0.6456121236223623,-0.5705573018061877,1.1712149611198415
133,0.42055828563745834,1.228953884177711,1.0302959445825148,0.6861511058944132,0.30250854556099804,-1.0130079912702665,0.11335614712532441,0.6509433475120551
134,0.6401401174780705,-1.197933169610843,-1.3270358411579395,-1.1262888859597853,1.4384233151460635,-1.2271281603832185,0.12521364941751487,-0.523396723071362
135,1.8258957097731265,0.6888434280011293,-0.9195684716499583,-2.4230334335957067,0.6547647614297609,0.5649621698555689,0.9545298578866053,0.8410787011220703
136,0.7427495487562513,1.5430819272847822,0.28742352315659936,-1.1676168151088913,0.1278793667349796,0.7930473004432234,-1.1584355798746144,-0.7379580955514102
137,-1.3808962914077358,-0.3898615734183711,-0.8547190050251348,-0.6408270531994498,0.496752748512186,-0.3855748806343245,1.487335480457771,1.1152296447091674
138,0.8067694215720229,-1.499956841057812,0.5007253327521561,0.45721209313966615,-1.2830462456880498,-0.8197488337029694,0.1510251111354021,-1.4792571703823694
139,2.0864558807056373,0.5463424800375224,1.1815267652626373,0.35768718237559727,0.5005834118038395,0.6501280674840344,-0.9614641864365738,-0.4575438400247833
140,-0.12281522965780862,0.525328723512055,1.1624493452098645,0.8726674979870168,0.11297112266482386,0.7924454667841079,-0.7071913117134317,-1.1748925823029446
141,-0.8162546649551982,-0.09486426347495956,0.31242636444708227,-0.3011500414696074,0.810347922435655,1.1735703748947686,-0.6633788947515016,-0.7299543131831079
142,-0.001197543155046013,-0.2212933228655919,0.4035044731408648,0.1587833223591941,0.5340228073671949,-0.6225086217953313,-0.4064290897943865,-0.7824600586097261
143,-1.7404733494774118,-0.8383066906433162,0.24309444153890236,0.4737300560862117,0.4818907816325568,-1.267061884716771,-0.12883631544713708,0.1825488114014398
144,0.619276328427295,-0.4919290096917619,0.8672825640151085,-1.4370059381047084,1.995073147353777,0.30471728029464024,1.7476139928807937,-1.053527189461831
145,0.3220277911878376,2.3943621987201715,-1.6413434195852692,-0.4648508258671609,1.9772518538880615,-0.9640006447518362,0.17828056921850088,-0.20459872166616502
146,0.11056488160275278,2.094568665359896,-0.4313490459862519,0.8254656236859353,-0.32099405873464504,0.670884499126677,-0.002031808159958099,-0.2145852632218154
147,-1.498424658155205,-0.5084025778544773,0.08534801680767183,-0.2705234143369744,-1.3081969751165823,-0.679177458360889,0.23655407897698155,1.0795020341928454
148,1.0543496655801772,0.8108887042121227,-0.2364734431164164,0.6088453479139871,-0.8731174759473055,-0.18356173654316607,-0.4621075838876666,1.0442265587126445
149,-0.08951308039204785,2.4585821785117883,1.232978621194228,0.36169831067775765,0.544644228790562,-1.0490408753481093,-0.9062198763575797,0.9143770315902051
150,0.04941494653786888,0.536114337326717,-1.1403498530772516,-2.1774881411686917,1.278961375923413,0.12105954251873705,-1.0781100504113426,0.440295205360274
151,1.1653170076346218,-0.5168086110905623,0.32526008616301805,0.40792435038453484,0.5541918323682017,1.10264950779982,0.5336247224575098,0.19058825846827912
152,-0.35603225177907055,0.8715395518069936,0.4361965716313671,-1.2068623973130064,0.45936070571490245,0.6558010745317592,-0.3310228000804807,0.18783220477230828
153,1.099716843273043,-0.21857643824234083,0.13549525922645245,0.670049155973139,-0.6293075182694743,0.04822141234505612,0.7465942228924161,0.09719541425891291
154,0.11715014947075637,-0.39406164806114596,0.38245239187762475,0.0861353004429532,-0.020186262633373715,1.1893598668642085,-1.0694918065768437,0.7337671286471381
155,0.3540422470917529,-1.5391430607768055,-0.897982563561372,-1.4162068107869126,-0.5020630088308918,-0.2422165328830866,0.1458771333227144,-1.9232728180505534
156,-0.5925821020131696,-1.1185313180008776,-1.2021113517289002,-0.685017577544196,-1.4072107552158453,0.24042424753575967,0.4612304447981351,-0.39319702255587474
157,-0.5627697436224633,1.0033669761879245,-1.4197262747172852,-0.2040133450268136,0.028118824248192523,1.4874578626517794,-0.02425500715489203,1.0025251628832599
158,-0.1691853235044358,1.466323220489686,-1.6029780500454174,-0.7775066358857724,0.26479909044789673,1.5428042121692869,-2.9000643546031184,-2.0730756421202217
159,-0.7665883647646601,-0.6945682178717772,0.133948402343354,-0.3651934632090738,-0.20237882050873818,-0.46902229120800776,0.005780767720618757,-0.16875387457195756
160,0.4138744305952315,-0.22384728342954222,0.21199110847997968,0.640054153558861,-1.5881365707251094,-0.2994655191954638,-2.3909029014443424,-0.8492229187249557
161,0.07327393753759566,1.2349575755533533,0.6970333142983157,0.14884936129928814,-0.18003027742099795,0.6944356677222536,0.19258897849498963,0.5904311168624724
162,0.09124515631845806,0.7514979497411275,-2.2779458711652096,1.4791178519467334,-0.041459141324316245,-1.611587257684647,-1.5516160198507223,-0.3765558784558169
163,0.8521551686745487,-0.7453618234539648,-1.0643707650276202,1.584318208793135,1.3948309587353207,-1.2783353086409968,-1.008119108028752,1.1818145789384014
164,0.08078499616229125,0.0326871062826059,-2.411759152592012,0.3385236425827346,-0.5327326822803998,-0.7699004623589059,0.22107200572648203,0.2762479088098057
165,2.9567894757428888,0.31615565433815657,-1.0563193135975695,1.6367463458351352,-1.6227655209393963,0.4184740447375931,-0.2784711905340317,0.7824779509952199
166,1.0082921105205855,0.711570866329582,0.21398051625928716,-0.9199431359690148,-0.5385884688241327,0.7148611899845315,0.3581781037632032,-0.18615425958549384
167,0.12766040771954576,-1.1678597867454474,-1.0877938627397534,0.747119452293864,0.2974591900746722,0.2715460007340795,0.4848181439486844,0.4049459152400902
168,-0.6338226011353308,-1.0235733346921092,-1.5134634064590369,1.4090340951101619,1.1867905495946312,0.8559827416884019,-1.5225438341607167,0.10935820908248936
169,-0.042989862042363436,1.556409042667225,0.6725356481035504,2.115243284344008,-0.831875174734699,-1.1352336351839567,0.45192596663400714,-0.07784567748934801
170,-0.3800732885139253,-0.8109190684907361,-0.9653677673162967,1.6570446442348081,0.009501259965913701,0.6324216472502058,1.054804762551086,0.8581999620851807
171,0.7222286931708836,0.2649157831632868,-0.5220759599947333,0.49837599983600134,-0.8799072556871513,0.3925649843080547,-1.117184131254019,-1.1482065079325627
172,1.102940007880667,-0.9336941749622641,0.18541057772321667,-0.044611239501443765,0.79782666368867,0.3965829010181222,-0.000679512951696428,-0.6698028660388246
173,-0.14553947758003338,-0.1593200388634647,0.6923390997125763,-1.1196355631055774,-0.6973718377940519,0.19441614934180082,0.8437065530670355,0.9663065724785967
174,-0.5335625852367282,-0.1498103865730008,0.15323861279997988,-0.6221470806007527,0.7855715340670881,0.1757256263243184,-0.5367179458589139,0.5928587193726551
175,-1.6117059158297176,0.7180154049240048,-1.4070766545769442,0.7295662049513015,-1.4073656882971763,-1.685406949416675,0.47316072461542236,-1.0144681363376133
176,-0.7681000875471505,1.1728439693094175,-0.9355758126296357,-0.04674749632162131,0.3145973960300645,0.23977465181217383,1.3871897398027195,-0.543326796785672
177,0.32924876005127474,1.5967045525017776,-1.9667457303264324,0.16208333546637005,-0.9661562542977455,-0.19123096280091953,-0.8109246550091802,1.7869218220458285
178,0.9379366469783164,-0.6238139925184981,-0.22058872903106752,0.6289012455132879,-0.35312887607471455,0.16843453039129375,1.6180293257636102,-1.407449564942659
179,0.1374480981419734,1.5051050048554822,-0.06272326637426102,2.561168993143189,-1.8340594641812398,-0.1907527626338014,1.2229973697091732,0.4596010417247129
180,0.3446747436652834,-0.6090890462113581,-0.5170757290676923,-1.135963972525595,0.4678732591881645,-0.39719878273837556,0.8312660596498307,1.241198696271487
181,-0.278936007233488,-0.5351578317520512,0.46740904032736524,1.0464778674164599,-0.14309655052866194,1.0195184965502,0.45918417832033076,1.16060867735283
182,0.9417405743958205,2.5818203576534495,-1.3535527089619437,1.5844403392372914,0.46206636499614856,0.0779497273291726,-0.8250383505526926,-1.2977528737274238
183,-0.7216595687201216,0.2306792424010864,-0.591925897530383,-1.1483283868780005,2.2573308355010835,0.4904617836445346,0.4845847952157214,-0.4365345644684087
184,1.3209428260574514,0.28037165578099854,-1.534874848371431,0.6163942985725327,1.6116813466293858,-0.20059599384571566,-1.1097861375457605,-0.18835698184636201
185,-0.7739799177099348,-0.2964487675796344,-1.1451630288363437,-2.036430960936117,-0.4338114580448472,-2.38485240828434,0.5470297312671354,1.1618670608833834
186,0.6038595904036224,-0.4701858815313874,-0.7749861402454824,-1.073629319776838,0.7179646666129278,-0.487677246031313,1.1311336643255032,-0.053154992835253635
187,-0.5013151147514127,-0.6310863291278896,-0.011237618074014714,-0.42907999746304437,-1.6906684035821156,1.1153961057224426,-1.4738061221582586,1.1105758048109635
188,-0.7009761844459813,-2.6184559408462658,-0.1115712281244053,1.5875952884497346,-0.7528683474082611,0.6721637050783436,0.5483926740291987,0.4478753854669737
189,-0.6429174253250394,0.6719005592237971,-0.8071328038110178,0.9085931155366731,-0.513625870018065,-0.3497697899758623,-0.6031669033724537,-0.7904197264674769
190,-0.7648745738306785,1.143321403809526,-2.0343532631532923,-1.6505790183198559,-0.7290333237382343,-0.4543221987565174,0.6819202934631152,0.3203192798636492
191,-0.23296973646961466,-1.3903025579730894,1.8809765551354232,-0.3460114908896264,0.8574403935419471,-1.0521860216713022,0.29477798727508997,-1.0298432875002705
192,-0.40629233969581385,-1.1882469081269607,-0.5162376223087932,0.014389658097995488,1.123345498252937,-1.1003878322512,0.6096876554631045,-0.6151736055196937
193,0.21771775046465447,-0.16450395231574513,-0.08517606880855512,0.4201206571754587,-0.9773961436380401,-0.2862350858570853,-0.38543567405068413,0.278687072408748
194,0.4771666057565518,1.219409275538503,0.5614281401532145,-0.06807187214384666,0.25567238991963176,-0.8965397844636496,0.6566621499336482,2.343436284379348
195,0.6916111194209522,1.2489387046126788,-0.13849143072387674,-0.42551623866186716,1.8065511896966273,1.1173231629984168,1.8561756405364243,-0.39926756148400366
196,1.3225171252261283,-0.8839667973917146,-0.7204794291990789,-0.4041176132671934,-0.21946791228832058,0.953803689701275,-0.1647307303880287,0.6101007465287327
197,0.28942305615405756,-0.7094061361642527,0.9313816283502133,1.5886604128412607,-0.25729221766016713,-0.549351070143531,0.9922507948007481,-0.9367698146435243
198,0.49049872592100896,0.8437705520116222,-1.550268113171092,-0.24574132527063305,0.49133824176045326,1.3255325835578717,0.9528125984443595,0.28217838791036537
199,1.7875136826799232,-1.2263068435445936,0.6495178983606157,-0.5748618938537501,-0.7497943176959058,-1.3457092897554535,-0.4106874003067883,0.4676799244861569
200,-0.7630832778733144,-0.4339012624794518,0.5431514169599921,-0.670002862097114,1.3888529769857425,1.3089319619108062,0.6421527002648179,0.556332773088339
201,0.7231461442532346,0.41019970473973055,1.5791259337937418,1.658536665643103,0.6095992618646195,0.003102504976624688,-0.12998134960092841,0.316215697259146
202,-0.5974494408796371,-1.2362343733826047,0.5367424612796502,0.012601306142346566,2.297140766598021,0.20342891388585407,-0.6369345378844045,0.3823960232771632
203,-0.5792326799366808,-1.1726444926818202,-0.6788677876688827,-0.7856049025890155,0.75227980996573,-1.7165439209489786,-0.7234133955985796,-0.6479505711943833
204,-0.8737211031315725,0.8768415552373613,-0.7283539573270567,-1.6353311526359626,1.1843881750679013,0.058628305090440064,-0.3781120682962249,0.5335258370741978
205,-0.4233513905045246,0.018071935847104207,0.6870379809027944,-1.1752336514971422,-0.3224340050747438,-1.0223228388012364,-0.7919332091704607,-0.2821033723912507
206,-1.236194891094456,-0.39353037658214907,0.2912738207771458,-0.4691935919197984,-0.7200674685248409,0.1342224518628972,-0.8965195802217943,0.32743463388353916
207,-1.253451941262547,1.6168283831046677,0.14860205488721395,-0.8718150947894145,0.3587138372041528,1.5553267655341265,0.0931172712936464,-1.5035871552187974
208,-0.7356144292826516,-0.16278515631706197,1.5464657323933912,-2.4213295113775612,-0.388426070720088,0.1459238853097628,-0.01168550578674213,-1.0111503491978295
209,-0.5939844902806974,0.3726187006290612,0.12679179824714024,0.4556037262465127,-0.014091303235230116,-0.1962062576585906,-1.1462238912373073,0.3544504651119724
210,2.0899719246523554,-1.3339038721258054,1.080448282999294,-1.1794754159921095,-0.2634393669835331,-1.5737098718484002,-0.03779976916666013,-2.238146716634705
211,0.9038342236597191,0.2780697414303607,0.037820754099663886,-5.4060855690303e-05,0.5584181254924915,0.6391131449055353,-0.910720259509065,3.125204656293648
212,-0.38277924829680005,-2.223873334878476,-2.5877549450223354,-2.1214726219736804,0.3011747108029981,-1.2385914841319305,-1.0913781885915452,0.9120825090971093
213,0.10788180313706469,0.051551702293254086,-1.3733206555369477,-0.33765192372971425,0.8547643888417835,1.5672190529621182,1.709504086754688,-0.9977342923838034
214,0.3540150173376461,1.321127436501924,1.417220234401363,0.3192124550143799,1.1219482004805472,2.0381680006698333,0.2400239568327141,-0.6020080218741243
215,0.43853327541315884,0.5792735617495314,0.017802085554445814,0.6947029889861728,-0.157763262117283,1.0778295049114222,-0.2920709559787452,-0.9301590816392266
216,-0.41851853276378126,0.025085884061229774,-0.34710858012047957,-0.4470515376753922,0.5400515825853083,-1.0109771711450855,-1.1698642823524559,-0.36561036108322925
217,2.269770418978226,0.41031712423312755,1.96433347669947,-0.24741745860514644,-1.2585461968748297,-0.05963637858388968,0.2102301419127375,0.013689054225307121
218,-0.41168795948962034,0.9370648969597829,1.630979188543257,-0.6127179699916374,-1.0899416081501487,-0.5330375240184548,-0.28099034266909234,1.6390699320958109
219,-0.6077644662897209,-0.2280759889233442,0.5048005068880222,1.4349799738129894,0.7666420285531151,-1.559747559775769,0.6818880690231268,0.4446116887493434
220,0.4697353245659785,0.5447268311974915,-0.2548949725641846,0.06296974439138785,0.621944582694848,-0.9183446342583892,1.1197705213308609,0.05152900861805301
221,0.11593229737684121,0.0640982554262005,-0.7395974315824823,1.7463145292067368,0.6792486957100548,0.34505012173687294,0.245758341186299,-1.4938839141640945
222,1.9806301606616132,0.8687170867195763,-1.70875690844485,1.126019676490687,-0.6951541479530605,0.11929485466585789,0.24411594991558866,-1.5390802165478907
223,0.9761329444795094,2.3221920387973376,-0.041549603728147366,0.37621365417982255,-1.1797041826025607,0.22741025079311383,-1.7161406325239197,1.0750174816306994
224,-0.9416524715415643,-0.74016575329737,-1.1518182748894708,0.6109341309706762,0.3977941079573175,0.36570049835716256,0.44137847767226435,-0.21843512319376795
225,-0.07837254292884523,0.33883402988265143,-0.7791348240522125,0.07820900163980606,0.47900862092207397,1.1550207675360729,0.6630133639555095,1.6806161365954029
226,1.0027755323388161,1.537352798983528,-0.5405764223713089,0.0264026225172792,-0.5863102898284567,-0.49093203318461864,1.1813282003873327,0.28752828775861144
227,0.7485091813487733,-0.8511186971209261,0.06274207158567617,1.7765715907350892,0.07563986076600848,-1.8806243701001693,-0.3304635830389554,-1.3103237857857135
228,-0.3099191613792962,-0.5695196424600013,0.08655156176462388,0.28900726287312434,-0.6553554248873195,-1.3010404520897711,-0.5500917329412932,-0.8500902073815458
229,0.8610862731480109,-0.8827870203291817,0.588956563112993,-0.09310695486672414,-0.16496466863759712,-0.26147185952303775,0.6555781072737085,0.10216977330831441
230,0.4939767999262068,-0.33314996189883817,-0.4891238649955346,-0.7856627980810701,-2.112063011136581,-1.100845586680588,0.2635053329053292,0.1271333558865564
231,-0.8983796290359268,-0.29604521333496925,0.3135065090686304,-1.8604931973539554,-0.2823210151317908,1.5556282456347024,0.8129622166051814,2.3395344086008945
232,2.566118290235941,-0.7258369907648718,0.5455675367189824,0.46874151871603753,-0.038679792448914944,-0.333785690281568,-0.15900165375505734,2.5035500346124833
233,-2.1280676857755565,-1.2894062320699258,-0.44745863149986026,0.4542464117437567,0.5691511441343166,-1.5327824498340332,-0.9538105873255533,0.6478890353903546
234,0.4929986304287928,0.4456758002830894,-0.5094853437991274,0.8591251640753732,0.8541318287550873,-0.3709901100268041,-1.2707083915044937,-0.4890764815240725
235,2.016441483453057,0.2907086353243605,-0.4688666579658251,-0.4278809105221043,-0.6798028688560035,0.6719673449146177,0.03133411220336008,-0.13060423525232806
236,0.8413706074957024,0.7534124327811551,0.5149274245158442,0.620096591641814,0.36611283243804726,0.8141991126745504,1.3492167078821546,0.037903496102404996
237,0.7378991553723265,-0.2963044167155391,-0.052563700606399526,-0.34395045791156004,0.09630847598444037,0.9286103239932109,0.12361468274575096,0.03710671094353199
238,-0.6288574204841948,1.0721340429734674,-0.7659188645155608,-0.2455842790377936,1.899392577500174,1.2810196961332847,0.7791813351878878,0.26970586674356456
239,0.1640270942591418,2.221574407594076,0.16926832891581087,0.7896289444028567,-0.5928470146033473,0.14240099434871625,-0.8633290799129146,0.6225828379015454
240,-0.9668281765060971,1.5460377058055983,1.8884749072681322,0.837968697567781,-1.53709825142659,0.015062572665048806,0.9813791636304857,0.01908930102325358
241,0.5580903077723394,-0.4578288947539979,-1.2364047763768449,0.25795016262354253,-0.9735216225510578,1.2566127266400886,-0.6173500643405435,0.28233491080579215
242,0.9288641814850991,0.944855021171116,-0.9744619029795148,-0.35577812509088313,0.1994891910963169,-0.395368487020016,-0.14998195961471716,-0.3994042264946731
243,-0.17550775015367448,-0.3562841992987228,0.7836740091239772,0.7872718665905449,0.1599981313334659,1.1873140441256582,-0.030555367173005433,2.0553584773518363
244,0.882895362492051,-0.4487000100874084,-1.3335083373216905,1.847250099388192,3.076267078571242,-0.39530452166347485,-2.7774921518580102,0.026470646004837513
245,-1.3769163481880897,0.2934733799065264,-1.3651308365884238,0.5928500273379077,-0.21248311844880569,1.0669235151156125,-1.1915246511014985,-1.2341367744889726
246,-0.6722601209671394,0.8273068645654346,-0.1840334629963246,-0.4374558024504965,-0.7511662567727608,-1.3682201355885835,0.27315847298721796,1.0055695193208933
247,0.2228205708582017,-0.0856600854032413,0.22787082570157038,1.9729879562318198,0.47896382195610404,0.12844174416080656,-1.0224349367946677,0.6474356072946024
248,0.8015250265711829,-0.540403351772235,0.24472627451739898,-0.3075078504593381,0.7833511324506542,0.6853687370248516,-1.5136084549516575,0.9045359670475966
249,1.2049707251573425,0.4575264959247401,-0.26570057227583566,-1.2776662833273262,-0.2977323074932306,1.3611496734146369,0.8861406535412233,0.760779783403006
250,0.59792156262799,0.7527612910870839,-0.5486609739626666,-0.9950464052924198,-1.6838690386156234,0.7508739266385764,-1.1073643018685138,-1.6972516240816327
251,-0.7783808537288752,0.5331650717522719,-0.871722782950214,0.6175452580844943,0.9389858386833695,0.11693944361325523,-0.20190805809188006,0.7718487716091241
252,-0.5685118789110333,-1.728184754305734,0.38813331595505146,-1.1066311898263872,-0.6033217288977193,1.3478097436863736,1.1256429646182993,2.014217721202021
253,-0.28106356174812874,-0.6559712855936987,1.4735251881129137,0.7424284573994775,0.1617127159310932,0.00668137815196364,-0.6743761851637353,-1.0617079451948719
254,-0.3305303143364013,1.3428088763894015,0.16158436854842453,0.8253910363892463,-0.6804956416652529,-0.3727377413404852,-0.07213939287445946,-0.8878634704394827
255,-1.0875553452581488,-1.3901520694176346,1.1497089005292103,-1.2777657819684334,0.5996952179357972,1.6826897552029687,-2.433090640363897,0.25859737400735655
256,-0.33802623794873665,-0.3859043275783706,0.8687917729524463,-0.0027472131795284317,0.45575499051674057,-0.2953020350311246,-0.005656703205622097,-1.0373353814706916
257,0.33916248117963,-0.017479064830642904,1.9082218830242736,-0.40877888450748795,0.6443569390343756,0.3038828386430163,0.08232245916359428,-0.14519912598227722
258,-2.0209272910991753,0.18394714243647464,2.4195989400515465,0.02473979210790092,1.7930960516972698,-0.6110735309628386,-0.5067269954493367,1.4593794483243054
259,0.5810731374005338,-0.06354975563742812,-0.4827171139549251,0.6125016860200936,0.21005562451123042,0.47716812779829815,0.7073655070475734,-1.1360674687218324
260,-0.3916768883607988,-1.2207203502759827,-0.7827020213484355,0.5886799811846998,0.08855127278300208,-0.3376173388883396,0.5056246551122647,-0.32246029736171916
261,-1.6013507415644166,1.6316819105151432,-0.3946266260343544,1.3146973089893799,0.4805867797037074,2.384445780675862,-1.4731465506798518,0.2536809353625823
262,-0.6077050747558885,-0.44391971345619663,0.34968223048386216,1.3494208373517427,-0.571973101514133,-1.7383406062590976,0.45594689257188764,-1.3877099776875388
263,-0.32925879014608456,1.7740820563771384,-0.17002858255235478,-0.7557307945227599,-1.8490622574374906,-1.7985034983896047,0.051391396996356586,-0.8235233607911137
264,0.7203287224169124,0.06396156316879088,-1.6960853730076153,0.055314280292667835,0.6897433586895075,0.45718409246182634,-0.25932068842546757,0.27253928173493175
265,-0.11514686218259361,-0.842387530084115,1.1261861067202061,0.278827102929012,-0.5020380743042003,1.3443558850758168,-0.11292703519922886,-0.9536133434867411
266,1.2843926614571413,0.7603937472689838,-1.1008957892677422,-1.2901658374998413,-0.22354612413805158,1.3042725862798077,-0.21420444739854905,-0.8186766253858713
267,-1.0530876702193246,-0.699766925826103,-0.570775075228899,1.4198781912453653,0.6672091503092106,0.035944126082431985,0.24897163123446261,-1.397979100310049
268,0.4699054249403155,0.8420555281911359,0.8265764461175725,0.8845039501532499,-0.6612533996969278,1.377437879175727,-0.7490640002856348,0.25268263699078025
269,1.0827874129207462,0.31343267011561704,-0.00920591629903824,-1.4549227011092793,-0.11488059636879955,1.3091004118278498,-0.002109256541630094,-0.14655714205870773
270,-0.1450200015633831,-0.10591693060962817,0.09507398488367771,-0.31814006138683637,-0.7302850566997251,0.15757889010178952,-1.1237152049467503,1.0224975346173926
271,-0.4462608040709754,-0.73691035769844,0.15238309700930378,0.6577325732426046,-0.1602162808079087,0.9696019852749989,1.0358246527565313,1.260670977061241
272,0.3416522126346283,-0.4309676112581616,-0.6481029514412352,1.370080804032793,0.039006759336848544,0.6295561184872821,0.42496779799378576,1.4368317132832467
273,1.0144421668788888,-0.38196931052205546,0.8492458705172106,-1.1232226481497158,0.9524036812503563,1.6166662203781486,-0.4501820175868058,0.45866872335653713
274,-0.1720751603684968,-0.7342132126971361,1.9728492059347273,2.043636227646041,0.03454706369003588,-1.0986054881973724,0.5395506271019245,0.5039350069818397
275,-0.16630369166849865,-0.46844862978847934,0.8961888649506766,0.199799443568369,1.213941242396664,0.40124923125603384,-0.43576972030944483,0.7817046249213879
276,0.5293343034152564,-0.15242593827496007,-0.9189434754665956,0.0969731755016664,-0.8651786725757263,1.0216907344871438,-0.6705154902454967,0.3258404873655111
277,0.8116521309460362,0.25337773299352784,-0.15547705065008924,0.9014625439371071,-0.7087704810141138,0.39958838354358783,-0.46985775939045166,0.27956541189399853
278,1.2672615493920818,2.3975152764241425,1.420280509582866,0.40556645512094136,0.5690855994719398,-0.511046139272494,-0.8619036808614234,0.026663347823325658
279,-0.25706839602010717,1.0825639304593364,0.6145193176658507,-1.068494951679519,2.1363525471906883,-1.776942387869406,1.6785455469945567,0.00604117877435614
280,-1.4402221706000096,0.4291468659131401,0.25507726913861617,-1.3355517799774104,0.9883024644700049,0.9369987931177305,2.6461523859223854,1.5156899382827045
281,0.2883206903827363,-1.0152378768033392,0.4420132169269074,-0.0694019585807353,-1.74349940551842,0.14159783300993406,-0.08970275053984146,-0.9123914576115238
282,-0.950932286862697,-1.497263344254314,-0.786694797442472,-2.01649986999171,1.8977522757103455,-0.8830204036297861,2.560465758650625,-0.09082916148917843
283,-0.36568420382301997,-1.8436489451360927,-0.1287162413930853,-1.7062944840385093,1.1693774531901462,0.381707668114817,0.6320403785256545,-0.6298186183167154
284,0.8551288582521719,0.07770137649979496,-0.327684795280297,-1.2053655983478233,-0.153691488863583,1.3046018166950983,2.6221310407868628,-0.5385288432891361
285,-1.2306541668149806,2.1525290067149263,-0.7925341613798311,-0.8342933358233033,0.054309276184002414,1.3323035040119753,0.014320903799735218,0.21695117239371312
286,0.18621668753833892,-1.308068012653588,-0.11574545211466478,0.11128885925511414,-0.4489682013229269,0.5897100311227746,0.4596941321472367,0.5402476867043939
287,-0.5207216894665108,1.022379217158524,1.6552025328687137,1.4606493760135963,0.06057562308115256,-1.2094344679333555,-1.2577004052086067,0.6258755201226657
288,-0.6692938072301269,0.42900830169993304,-1.1707084660499205,-0.5722815374316504,0.5621164183964362,-0.7467453873313493,0.3923639991753759,-0.2939845725135137
289,1.864013689866136,1.2514033265229183,-0.5838916633493301,-0.5411790707118402,-0.6251047125833261,1.49694200561702,-0.3055791674213574,-0.20470771338410645
290,0.5242461137296185,1.5990449724427154,0.7962713689010453,-0.14676422599494354,-0.2659659757148938,-0.7138519376348407,-0.15219219687017152,0.06613220976655441
291,-0.8919649759740838,1.5036620334797632,-0.6895323190057993,0.3304369262512222,-0.11104072167658645,-1.3046293499998616,1.6180013005075695,0.5459531380474688
292,-0.7372827575525076,0.2744022763092926,-0.2285770967896781,-0.6873046992400703,1.023678474131214,0.40462169326525194,1.9214344306314404,0.3172026669861161
293,-0.5433518146234484,0.7964672362007916,0.4944843612950102,-0.04457927358334607,-0.8980056597080137,-0.9015575883697692,-0.7407182232718513,-0.5038081085339955
294,-0.6233066543604346,1.3217143958228426,-0.5743731691130143,-0.27150365887761574,0.5969003676175503,-0.6815672446304826,0.7910239924122989,-0.41225908369940617
295,0.69266771857184,-1.6154461661697932,0.749878770214776,1.2392269243331464,1.665052508483333,-0.9957783211132852,-0.6314436679173552,0.10022431701990299
296,0.41881588408125386,-0.6516350482933634,1.0277390039511614,-0.08664900076001841,0.3700341667411187,1.1632116513854829,-0.8664827116687389,0.3967089806306771
297,1.0542509537336313,0.7041215457466057,-1.0523105310975653,-0.5487275984896552,-1.3918001240381948,0.970904614070934,0.24377903706458778,-1.0208067332871478
298,0.7520586634916152,2.1604811171320017,0.7310077322839448,0.08499540603470652,0.40316426183520104,-0.010533280703282398,-0.5294720729174576,1.8410768338785322
299,-0.28527869347286827,0.19472983506926247,1.1460960721371958,-0.8920094432092085,-0.1621052343617264,0.12138447316249176,0.5103406637594117,0.40857503316098914
300,0.4753755933418917,-0.19168196428796777,-0.004872003179440906,-0.4264836192808459,2.2416684909230153,1.2074013684640188,0.8948464480483664,0.4497274728780669
301,-1.0301344436730813,-0.44698392254966957,2.8282230418126995,-0.5276313104124376,1.1261277346549219,-0.47065529052105753,1.2861635138814793,-0.11056554204140624
302,-1.802707667534096,-0.746151982360193,-0.12690966346834004,1.0718985175566778,0.455028119847153,-0.07973125408042357,1.2820239529863202,-1.6039179008373274
303,-0.8820596551229437,-0.22438308913281682,0.8378552763561578,-0.3232662999194637,0.659981506486543,-0.8015175700425213,-1.7480294364091404,-0.1157436523592853
304,-0.643400073399241,0.16750278901234544,0.3568649198508623,1.5114696387409736,-1.3169990793970539,-0.8317636106054797,0.3732303047476967,0.9022062086346727
305,0.5735483194003071,-1.1001971975777558,-1.0022274819812083,-1.1080782241325764,0.7111222767730695,0.8438772589132185,0.7891016836016294,2.220223369792705
306,-0.8527270258150046,0.32628671180765884,1.4205234374301434,-0.6499057890457836,0.041545479930887586,-1.3334735178662591,-1.727012608725198,-0.031605892324257256
307,-2.5182424147735922,0.009133702945654576,-1.8622523002015394,-0.734534486877218,-1.7213790760526804,0.5197624023087399,-1.2763863318407498,-0.8941464426760726
308,-1.3251775994558979,0.7721754764145595,2.2759714463209733,-0.0868202355241632,-0.6654297866882743,1.2458372578598975,1.1558705682940111,0.615038891785158
309,-0.6011682885957937,1.2916395212263228,0.9693514929134862,0.7711708915016782,0.4455601032810308,1.5673978389992098,-0.5717184007795542,0.7833737453156778
310,-0.333118742672658,0.46777401244831335,-0.2718490220008331,0.5848263212303968,1.4982752552704686,0.2727038875249909,0.945776430419283,1.4327499657152583
311,1.4040054796893389,-0.44337311050557454,-2.3460103472735367,-1.5126702397278868,0.44324139953678765,1.1481332980081438,1.4182378332027898,-0.8920991293205519
312,-1.0697369579362672,-0.8353387540987196,0.7535052390190033,0.6176574370875565,0.3196617007008658,-0.21614735250018158,1.0877287443060764,1.7241051285752742
313,1.280479031319265,0.22829145897969563,0.8434522390565825,1.192340114583213,-0.09799408573386192,-1.9601410451791936,-0.16521446572462145,0.694438085750989
314,-1.0234905725794494,0.520387059757372,-0.09886802998123106,-1.4286351945188636,-0.2729217247302077,0.975310233331351,0.5046318222588798,-0.2570234238061785
315,0.3048220751544084,0.06305357054196384,1.3356751321465963,0.8217223218830794,-0.8406433719390808,-0.5261217451161487,0.3174027450658288,0.5584947030200229
316,-0.7070355126050069,-0.49867143901076244,-1.3289588625865714,-0.48763965180992674,0.8911036831021107,-1.4008760887793978,-0.6008370642126203,0.6719419365278463
317,0.7358417273903293,1.7168885851246567,0.5276358586075401,1.3117226854879804,0.009749040938895217,0.18493592649373455,-0.7052651247755057,0.08878559226993617
318,0.5679213018477608,1.8272680064865958,1.439466805517601,0.48425159610199936,0.8219862551849447,1.030505350200398,-0.5645378298951242,0.7540514980896543
319,1.143981794382236,1.8993921189751313,0.15917566344034914,0.12865522358633766,-0.22184006194386754,-0.2948301741002911,-1.185213609152075,-0.22442888361034793
320,0.1993021610237884,-0.9489544478560488,-0.1723974769206531,0.3016784557551238,-1.3575244374078048,-0.38582988607408336,0.7637218379750217,1.1533154738703635
321,0.7956921748440403,-0.13019044033642221,1.4800321169561468,-1.4906869185398721,0.0459998906668953,-2.4170460310529185,0.05073620920630554,1.8880629142182375
322,1.4485237021009432,-0.3533989893373415,-0.3216796058891903,-1.582144702449688,1.3633289677921692,-0.03069773502964897,-1.3795471206942727,-1.1320566179691338
323,-0.43176846313567924,-1.9164950854985756,0.22107658358093182,-0.05941282307651302,-1.46767723961696,0.22430767224674308,0.5343722765444552,1.2175573544266391
324,-1.3664047507373505,-0.36477327103039725,-0.9226295329229474,0.766163076499348,-1.037657988067257,0.477300412321502,0.2155508733952977,-0.6188256443858682
325,-1.250879314548818,1.9919456917074025,1.9780935869236111,-0.3869456597226539,0.8433925625370597,-0.3750377709195255,-0.2448178785802394,-0.06064420578170357
326,-0.2953602930248809,0.7206064815167187,-0.09165768382774205,-1.441767238480253,0.7251919995664041,-0.9743999589950086,0.986803942229816,0.014761781969197493
327,0.9844638701601302,0.9122044514003766,1.5249232414250433,0.06601372327981167,0.18881952237507554,-0.837830483582926,-0.9396785594345531,-0.8333707601983075
328,-0.2383168866360053,-0.7403020557719822,1.294033282998415,-0.47102588171984666,0.2690916405184503,1.1124204370499131,1.1251804007045525,-0.6798549832593213
329,0.8364848090175449,-0.7454587608925906,1.6225326112770357,-0.7581138004484381,-0.6788727143673539,1.0697889149823685,-0.9741485056667667,1.6659163225334972
330,-0.46492845113444425,0.43890847658032417,1.6787742095118423,0.8992599528916754,-0.8748993834230383,2.4110391045104707,0.8367413534206029,-0.814988847099953
331,2.070575209772133,0.15054208643415554,0.08711381633737794,1.416789918097996,-1.0844709449511334,1.6023805648998581,-0.3973944385050243,0.5545420040178127
332,-2.0644960255190963,-0.7551505326868201,-0.23996121971899462,-0.6597201497155828,-0.44133918544094713,0.06378075159412515,0.8629820652690865,0.2768338400887837
333,-1.2807999267815298,0.8789954212382552,-0.6282123396452634,-1.4468081986988541,-0.9098033358387729,0.04856455918374026,0.507582201165264,0.9290964106099232
334,0.022001450129674038,2.4484484712673233,0.43073455392644056,-0.9727374653179008,0.08788695325882002,2.1804230785549024,1.4961881973837527,0.146376869388607
335,0.5991948192965434,0.01875557072917368,0.9868459378568639,-0.819237969978982,0.56653621426942,0.13233153249967483,-0.44376072355917406,-0.4955812834044056
336,0.3311786703239469,-0.3923203510532972,-0.6327830696027626,-0.4368522569668585,-1.1785267514654738,0.8818935956299193,0.027784012366655127,1.0933383204607352
337,-0.05938485098127284,1.200383209329352,0.6391730464908673,-0.08432444807391608,0.6496238896157429,-0.3324579663016683,-0.1598523842184895,1.705508002946305
338,0.4169348203535324,0.020185161983772033,0.6015408983812386,-0.37380708794576134,0.49071284215688826,-0.9631868983085272,2.48562747792932,-1.064980243580717
339,2.126880281319251,1.9374055716400338,0.5465066042112966,0.8041883807819545,2.470827684835714,-0.7213485632798949,-0.5389357776136737,0.01584086506701313
340,-0.08239822161983068,0.13377712369822697,-0.35143366673002374,1.2413369230996643,-0.6470454185926738,-1.2806176597563348,0.016825339077727923,0.962248487352227
341,0.16776700457615012,-0.38841474538225107,0.7897425610005337,1.4159518265987214,-1.0511318220497499,-0.019035363621740152,0.7066805067427014,-0.5181048793139413
342,-0.567034389684513,-0.18387728733592185,-0.0976833585897283,-0.2406956680709454,-0.7046478157274589,1.7423514523024761,-0.1342809345866536,-0.43794563973795125
343,-1.4021863040395015,0.8035314537589456,0.8194244873557903,0.37188665315340963,-0.6715679714967991,-0.5508945595471254,0.049551237325710595,0.8628474153388689
344,-0.8874765121684015,0.4302646458183959,0.3990645625298344,2.114333855560679,0.5668184249325782,0.8349799974244526,0.6192023234472782,-0.2990422777585415
345,1.3758953792345463,-0.01024206475714712,0.42439421587709186,-0.6388477077327472,1.377301662624393,-1.1969343285145941,1.18832712073444,0.08584966200800491
346,0.6932404980395849,-1.4494251335228323,0.16730322436276093,0.2109041630666118,0.16005994566162113,1.109959184529574,0.8595367060974126,1.2747966990522643
347,0.37036040580822843,-0.7047041335050567,1.53638977916845,2.9835700156136715,0.567808893024398,-0.5875119485161783,0.5152936413933099,0.4093401915986962
348,-0.9130894314661919,0.5076984498224028,-1.5770759135201162,0.27841172319493807,1.4719856684129746,-0.9459200936488239,-0.562281451663406,-0.5917465386532966
349,0.7479741665785621,-0.22909327849872524,-0.9925215853660666,0.9525147003338689,0.8331989250182573,-1.939745664851047,-0.08060659370722914,-1.0311994115305445
350,-0.23059796471570276,1.624054183259221,0.7916864334764295,-0.8414225866443994,1.4386104514560762,0.3626603298319546,-0.27213480033740856,-1.1360160761762919
351,1.687546581884423,-1.2490410660679045,-1.7144999764001254,-0.657901403670421,0.19219347134312428,0.39962384308494375,0.9201965631445097,-1.1089140546285274
352,0.6209597675695384,-0.7882868236478221,1.5132786415058472,0.6974614790637064,0.6214224488791977,0.33806569032491357,0.8815966402502668,0.7691097025804633
353,-1.3163482675043574,1.3549079281517553,-1.4975987710207457,0.5558890439211864,-0.05919381337860749,-0.27556555502797137,1.0717559770709033,-0.43212297866824495
354,-0.681718877115716,0.009030850230992376,0.9776681550487153,0.19262271067572084,1.1612643176716324,-1.4898968053553066,-0.1760336297060423,-1.7690759318856741
355,1.7900322939698001,0.397326077575262,1.3173918108947702,1.1317440777180048,-0.8533445306380144,1.0494977803070036,1.7059088230266046,0.05194129675025473
356,-0.7176185435660106,0.3374676313786634,-0.7740579601303426,-1.4432904536161038,0.9180838106912721,-0.27253143627717014,0.8688899872461615,0.6245489009524406
357,-1.658700484681768,-0.02210033467585591,-0.3610814671336151,-0.1658742003962707,-1.0839415778382995,-0.036589511295886785,0.5677235614750877,-0.4657477793302192
358,-0.8294805125870588,0.18566618967457732,1.185760790494462,0.6299099181677555,1.6185629722112929,0.27723966319301774,4.235818122544801,1.4579993634551274
359,0.5146715135771719,-1.6438186620496016,0.5224363479364641,-0.3257519900783734,0.6269735638684915,0.5388694409953746,0.15992918406311787,-1.607941932636241
360,0.7053905286908083,-0.4894058530149693,0.2635514159100945,-0.8554990662738545,-0.12656864284758218,-0.5948590432901678,-0.38540194561454316,0.07016515163669908
361,-0.012076459963691584,-0.28844544190702376,-1.4424132859679761,-1.6022692885443959,1.8753560926319435,0.8104271208518342,-0.8852679935257242,-0.41832166566311346
362,2.5556140679700943,-1.6811217990225316,-0.4718062505012072,-0.30215399896170886,-1.0248693011208039,-0.019226081900143476,-0.1898595125988485,0.12550490846424686
363,1.0638502804760215,-0.9820448187502127,0.07657185696101894,-1.123931693560202,-2.5043730449336854,-0.04429846787806897,0.04420566695219162,0.9622455575199386
364,-0.00570961274396183,-0.316242431859852,-1.1990526711546667,-0.28444308978243577,-0.3357990178944055,0.21940585031291537,-0.4293414001017385,0.33079317424862076
365,0.8254579685809952,0.1677004636405251,0.17110222040327763,-0.016986488401560078,-0.5047249001167755,0.16223563636050786,-0.8724163420601517,0.6478746272123027
366,-0.19715177153260172,-0.1715342228804733,2.3705791624845016,0.2628497499836127,0.7672354316529635,-0.3195222009140552,1.569781018267482,1.2925693613164182
367,-1.1900961491522986,-0.17767741430822986,1.0267028792192838,-0.18034210485191016,0.5091761534218778,0.15415018674766984,-0.5740741364599272,-1.425458153543422
368,0.6565416996566011,-1.1786906432578788,-0.11879255202343418,0.7782889159721292,2.4560638157528527,-0.9080014797471619,1.0378209177476683,0.594765543304766
369,0.0979360758632666,-0.765657933660201,0.20828645535545273,1.2494935459590253,0.8234703431497505,0.433974511646456,-0.030850086837666733,-0.18817799235380978
370,-1.6718663520322217,-0.5870854975383508,-0.6446031690571804,-0.2802756148851494,0.22185196127634535,1.166450612474454,-0.1280943659381731,-1.0737217347733998
371,0.5241371897782166,1.226159247622822,-1.31618645405136,0.0069139962119277795,-0.36481281474229954,1.2756525986519323,-0.13364608590200366,-0.9247129075345057
372,-1.1950768645766139,1.04591076373637,-0.7507653305740315,0.18540874601919946,1.437649527562838,-0.21803946561266002,1.2601047204425662,-1.2015666294178635
373,0.48065732549479634,-1.0726787400695224,-0.2129589960295712,-2.0823621444454723,-0.44865363427678256,0.9316060571746039,-0.31731005950069674,-1.5420060826618889
374,1.9782907832540526,-0.8629150407121098,0.9176058048785088,1.0064894447203354,-0.9440952309680134,-1.0650596454326584,-0.3831217875876009,-2.222526072770566
375,0.9250525767300946,0.10915990276121253,-0.7603053148451244,-0.3612300355764844,-0.1682960563748931,-1.0780903374514574,-0.2586979938603712,1.512628318766388
376,-1.3220503389665408,0.8694072710712767,0.6005894738958827,-0.9622495205049313,-0.02394906151717546,1.8047737707339049,-0.5474160794569051,-0.8923182384670324
377,1.3046778822513962,-1.5054184835354794,0.9899672087602643,-0.42854119474844726,-1.0966957690792594,1.0306168773033066,-0.47594345399921584,0.8886919349993555
378,0.42531337627902543,0.7633668392512725,0.6797930234584125,-0.9857014721450523,1.9925082062244177,-1.3844781277782774,2.1657813684007476,0.14357657256434495
379,-2.7853683895587995,-0.1533553300212515,0.9580567737854849,-0.09314709353816039,0.6266740802449741,-1.1271043133665097,-2.302499111454586,1.9045161290372135
380,0.02720358482747873,0.6835576412534011,0.06704776256333321,0.39860831684396925,0.06839893887659039,-1.86871119551151,1.1493583068646187,1.9969322929696918
381,-0.31558004542033735,0.8786444286058327,0.8926677800901072,0.02125323521514618,0.2810263816890423,0.2591145119378337,0.6398140671931375,1.0803382952454126
382,-0.502388435971566,-1.5546846425661576,2.0470173082289302,-0.4344817410370954,-0.3628846259825891,0.5686510470184604,0.5253316286242395,1.0215824787334253
383,0.2238814682025239,-0.6583374665733517,-1.1974019529158924,1.4184430791365181,0.747240292372128,2.5966590496682342,0.9273183954043204,-0.9881203750496201
384,-0.10051142756634376,-0.4108978882670785,0.5723295773417739,-1.0565776510450848,-1.3469706464921918,0.9090072599385446,0.7828617945115487,0.6073602416259829
385,-0.8460126356405167,-0.8832576141852715,0.9505196392252412,1.9465230030052,0.583132979069739,-1.314967886490425,1.060263293942224,0.9353871521664561
386,1.2210158622215301,-0.01055948628443946,-1.3499666663893102,0.3969499232426025,0.009411628943138406,0.07819381571244245,-2.621385830654295,0.17735346412720757
387,-1.1989300771778852,-1.2738778645372086,-0.330459974652891,-0.6441518907078075,-0.8614076720913288,0.415559020921568,1.8329438652717311,1.0108409427957674
388,0.002588790535092099,2.8286557832944244,0.5182788385955596,0.6887639303942032,-0.3746287661157039,0.11479321979362606,0.438416005525655,0.5520584833122839
389,-1.6127054257085192,-1.6328712431322463,-1.0221703602136123,-0.3700047752518887,0.8885083051098851,-1.1598807064196022,1.235336640633014,0.9190346231975633
390,-0.04770239887843306,-0.7276659284486893,0.85567670496239,-0.5389082336424416,0.5244906840627701,-0.5647251379541457,-0.6544830615688791,-1.1794612446323223
391,-0.7100915759793505,0.8638351933430153,1.4276234131754177,0.7647831281882864,0.23855694243050038,-1.4744885037044675,0.6718999220707113,-0.68894200206828
392,-0.8040044828183073,0.3085504076854906,-1.14909788938986,-1.1084824089743452,-0.1687820293461733,-0.9406622011278261,-0.06705163543596372,0.2017180112266416
393,-0.9953716589299945,-0.18511402136949973,1.791304038265856,-0.4742855513353037,-0.6002015157021119,-1.4726458640796423,-0.9403938380230812,1.21826947946197
394,0.24294257173908274,0.7430632950822414,2.121087644854178,-0.16447338279978915,-0.361477546448313,0.0458638876790298,0.4660650229682996,-0.38523104497287874
395,0.20834809630170167,-1.371650231058887,1.0510510596294291,-0.7992232559757765,-0.5044434284027808,0.8633876905978959,1.2073168211755636,0.24773807958201005
396,-0.9072130419411897,0.2804605091285423,-0.24491388206867223,-0.06851517673915,0.8329598245867187,-0.9629369599622731,0.2920780804995357,-1.0896872333652656
397,0.5035849502244258,1.6379770332602905,1.398373332947845,0.3238612901795528,-0.1318946145728995,-0.5963546480978439,2.119054092120531,-0.12665304681258438
398,-0.52521311961007,-2.596725192739511,0.7137229093770981,0.8964058511721268,-0.1426079092802832,-0.07969066477879834,0.997272225556466,2.0869390832545855
399,0.852688337692813,1.0586427658481208,-1.4615349623841554,0.5956480922805277,-0.5983050971311035,-0.0379224450941596,-0.4078946201270459,1.1634591298644614
400,-1.4308470461908986,-1.050568126770103,-0.9282117587739658,1.8727693616532475,-1.3466321590727786,0.48231773104913755,0.09530631084122063,-0.3605702243394435
401,-0.3892190465193537,-1.3471324569053813,-0.5973427215037656,0.5435473723894092,0.21152580238429414,0.16189341244297867,-0.3722306012474679,1.0150912179770246
402,-0.4730949219560163,0.786637284567521,2.430691771494094,0.6232204288909212,0.04190674976011418,-0.1813553751445363,0.02335566133026305,-0.7438904484206359
403,0.8169692830886289,0.12769399359503053,-0.48203648047775144,0.7308489247733603,-0.7073868171718662,-1.7118320811726155,0.14954577942105046,0.3685399927457282
404,-0.8481081922995932,-0.09098685355821796,0.48632939782100576,0.6592608505843874,-2.206451881796798,-0.01701781235188828,0.5293811935382852,0.8067808785592626
405,0.6897450822538955,-0.6657035708333434,0.8764690174564873,-2.730526041844888,-0.27309250154127335,0.5112782521001719,0.4676097919384397,-0.6905270110156566
406,0.9213095385846217,-0.3742221987274078,0.3912983589413851,-0.2828996263966587,0.16655281194807137,-1.6808307301612675,0.2505007508294688,1.2523392720188553
407,-0.7982031960434542,0.4984002536738755,-2.2856331433881696,0.6980423446289723,-0.844456735375382,1.1907059318107933,-0.1899800649404585,-0.2875522470955288
408,2.3420366375051267,2.251956468556966,-0.3928116370444385,-0.4664896715398932,-0.5319181086650635,-0.4448624789292936,0.6432262971929501,-0.23345386799456563
409,0.4571951632518023,-0.1296603218466921,-0.06265866602948451,-1.656566124671423,1.5050511475207409,0.9055399271757264,-0.14137101169105795,-0.0718056595304987
