-1.537771306940333,-0.5347950952141037,0.9498230191037282,0.7262144951363674,-1.0280905211600138,-0.1720275402402728,0.26062592343390056,0.282076098353403
-0.30631428434687585,-1.0317574357702846,-0.16558696256440872,0.5766712892005124,-2.6042328260128578,-1.0219517576332056,-0.27093035636173074,0.8984514867367708
-0.10382484850290981,-0.8655898003794468,1.6908407697802037,-0.11219253652299523,-0.5352499278507606,1.7680188868537197,-0.8247258978609114,-4.3538254775451355
-0.5132404587523236,0.7416743300790911,-0.8559614030890684,1.3281434731383852,0.351107306672703,0.7064105113339398,-0.1582386595875177,-1.2555323077194929
0.3608480107275813,-0.5721284349120563,-0.0012642526135684762,-1.7632855278862642,1.0654931207036726,0.11102038985804855,-0.45085147906543804,0.5637202168353386
-0.49542423646370337,-0.5545597569222703,1.032530378266714,0.3200210055599115,-0.3440786727333378,1.8659742707245215,-0.7617357305259591,0.7997134520759759
-0.6050795592216855,1.4062316384664015,0.7093326165233862,-1.6385142051998234,-1.0720254825743514,0.9752614884806806,1.8250303028892025,-0.16097011143521867
-0.7977817882919822,-0.5491607580799829,0.2426490522669062,-0.40952333053034257,0.8243104973030579,0.341278491392399,0.09419747534598288,0.36027175212036383
-0.30952882735266374,-1.0914186954839744,0.5479680740797854,1.4189695317947928,-0.9827131142397192,1.3539679870048884,0.353110397826302,0.4623888173220468
0.028491155630126927,-0.8070147456337174,1.2408931414298008,0.0577174017314081,1.0504560722426741,1.603702026280348,0.533959175590683,-0.024991461720620792
-0.03623788647398787,-0.005832201843405102,0.6176288106783915,0.16933963932571625,-1.6521621989397988,0.10971812483161068,-0.9634773311860139,1.6005326749169653
-1.1232195140061652,0.6229564236197698,1.3660196986356528,0.049811097949481305,1.3503038831310936,0.05939509443476923,0.32950222723758815,-0.48126120733115874
0.524794457276432,1.7322737209075763,0.41610296052425483,-0.9389009933492514,-0.8438513367875592,0.5181662254463199,1.6585239408395591,-0.2997342030042485
0.03745494883456507,0.4255383596700577,-0.45632001372658443,-0.974258205638963,0.9323800442784292,-1.2598347839565864,0.4690494447988405,-2.195367821997148
-0.027659290758302143,-0.3352032706070122,0.9051224127223628,1.099107273365459,0.6716433282644363,-0.5600561717729832,-0.6798040883256065,-0.11496962682340195
-2.1359892998166408,-0.7264790901890237,-1.1705199761371952,-0.3346283486797964,0.9115552295295735,0.20867768335264017,-0.32760381064525723,1.877547496017969
-1.2169731949588523,0.482790362308205,0.4553673851766749,0.30924270939210746,-1.3116124924507424,-0.6178548862344975,0.41831772588751226,-0.8268290254045992
0.5233192464236808,0.9220146059857481,0.06535645719467993,-0.006767082603970792,-2.117140598658635,-1.1041900704655718,0.3843707623315197,0.9479738476281148
-1.6209550329013394,1.2121244556445558,1.120595436638949,1.6791294758002708,1.1103071398212077,0.509248794219824,2.031084426161017,-1.383625944649475
1.09389594747807,0.7472265790973898,-1.1588684132277727,0.2455943656150796,-1.643351337852741,0.2348517489533067,0.5948797492622445,0.012576005265978647
1.052409152121875,-0.5606342987466021,-1.5931306440549908,-0.8486275065353799,1.34920802399355,0.5000489256445952,0.3973442787795703,-0.7560074007778911
-0.06938278684467235,-0.1726142801636349,0.28264334844330824,0.8870609891549016,-0.012583248327137699,0.4117874764277519,0.6446367599602107,0.03367121604439054
-0.709751027768467,0.5682028172687327,-0.7323025584488505,-0.4025619910132465,-0.8169123352980724,0.5339294118868205,-1.2526506919372147,-1.2667001721617142
-1.9656367277478686,1.6894778082503386,1.7332125732513406,-0.5447420536632117,-1.5846709761491844,-0.9955492359534439,-0.916539927903745,-0.28247817822114296
-0.7402027150856222,0.8418903475481238,0.39674231192095655,0.6312616938380454,-2.379178258734013,0.18719174780277334,-0.19786829714994134,-0.4997054384367567
0.9763373217011652,-0.18711116043128587,1.360243934156204,0.38002198471222054,0.3152322886513439,-0.7982694744844685,-0.3623907010562007,-0.25970385109498206
1.5877481814195225,-0.20842417946019395,0.041144695863977405,0.6257266005176686,-0.9867310234529627,-0.4622144763827235,0.23895543062556893,0.11446822147503224
0.9493261112735265,0.60693196156075,0.27195174543522155,-0.7936315619533701,-0.19898324092495026,0.49858160056725165,-0.05548405497069698,-0.30355982018139993
1.1111742517873961,2.1279037612904643,-0.5346249039969977,1.15408847691678,-0.4498264848655587,1.0080898068503497,1.122930987591675,-0.3093638659103469
-0.04851471847387503,1.2499647371042193,0.5446402734531439,0.0011692770044064165,-0.13932804962887138,-2.3157371537723663,0.8162956522978623,-1.1213331225829513
0.2591218022518383,-1.7361045330351397,-0.1957305466979444,0.04466130302618512,1.072551900662498,1.2936874297825838,-0.06837217348386518,1.9278755786869484
-1.5660620782735943,1.741140923839952,0.7082059253100287,-0.42106680919531886,-0.3567716915918631,-0.7252864133897349,-0.7223652149635977,0.5790474212508525
-0.7622310958659081,-1.8257023666754708,0.6413692341266565,0.25028227021172494,-0.16850499542433603,0.19666249214499737,0.33897382040766205,-1.4327236377756634
-0.8093109283960267,-0.8320542386363696,0.06305956089454634,0.426660749925683,1.3781877035288856,1.7685261405343558,0.2053797456190835,-0.5051412425452486
0.5732420692165646,1.5605045818146137,0.8045474285919776,0.4891673363453353,0.10839969216157912,-0.016238841127111214,-0.7995413636159606,0.4261268965795599
-0.5686840973817127,-1.7092178278666672,1.3420277501709115,-0.2835578270068026,1.1064848306649167,-1.1395120450498366,-0.7641197338813085,0.26365456811942684
-0.9974844186314927,0.910068669747453,-0.3103004220911475,-0.7736975387193546,-0.7670595829821436,-1.9416614250229098,-0.6493604263941534,0.14926850365737812
0.2766788618088877,1.4624395531455587,-0.32860328116456095,0.700008162974475,0.567174611578812,0.6123935820879389,0.3609608336764123,-0.22911566568055186
-0.168178704100589,0.23147425740101613,-1.3725316584154876,1.2243896280775506,1.4626722821081906,-0.40508962318816844,0.9576192724401249,-0.026230972794599038
-1.9792131043770618,0.614745262727577,-0.9656234476316704,-0.14678574679515585,-1.3614842456032226,-0.9170969148302788,0.7228327484163257,-0.13737709500076875
-1.0201543727236262,1.0587696602047105,-0.2811752253301001,-1.3586838885447274,-0.28399098636354153,0.7439413287615356,-0.8731018609630086,1.015103350051655
-0.045451546390340145,-0.25018945475011806,-0.2846266333341234,-0.6378213673162059,0.6033118867861963,0.5751587974304794,-0.06053540082320426,-0.32181327951043204
-0.27563376430284126,-1.705191112368101,-0.5072590918121768,0.22599291942840202,0.7738804634712483,-1.728950979010375,0.7079432959513083,0.13962226231708127
0.5214771829567733,-0.4811874234500639,0.594323725887953,-0.4269839503943026,0.45148499300836686,-1.7732012093074287,-0.6045387920510944,0.8845163374488496
-0.564902786130078,1.1276217100611672,0.46971830794417313,0.20554313736472946,0.6329031510731529,-0.6822583916956486,-0.07918772155905887,-0.7239897159082653
-0.3630907063659034,-0.7618830320084854,0.17736085196718773,0.00619436085269199,0.765820691400182,-1.0191895590070763,2.1954743465419244,-0.08762187524043918
0.22473783816494716,-1.6203293252523259,0.20838080908946485,-0.6068163826668523,-0.8173603251093302,0.9844904619874497,-0.6822333532294094,1.3912287728436954
0.7174389862087354,-1.0650345009552882,-0.601446450680756,-0.8326603648042814,-3.038323518851156,-0.310097562130712,-0.9682560532950257,0.20089534964084346
-1.8917825311436152,-1.333379581216516,-0.035717514655867484,-0.15965711203874913,-1.4921392177745507,-0.47985675867832994,-0.3559215341961106,1.3538639501224519
-0.9702589712742028,-0.7945437836041311,0.3948681305600331,-0.3130561709765968,-1.3720387939720566,0.2538531117310346,1.0567779959200034,-2.3267976318084362
-0.2174327859315953,-0.963292850973862,0.3284308388109298,-0.6469789956481705,-1.451263932112071,-0.5956100366390686,-1.4778959386523454,-0.40964834349375856
-1.297996735328938,-0.1746029072500738,-0.23220200119413714,-0.3377967088577142,-0.262676366049182,0.25628907920007327,-0.5307628901760649,0.015602768044356473
-1.1554497556329772,1.6744533635072465,0.3104109992566396,0.5380115180013209,0.9523151042927853,-0.7309644775054502,1.1814734154548878,0.5645965927935211
-1.3459444503870615,-1.1776652991934722,-1.5593152728478508,0.8415736770613645,-1.1999112668653313,0.9635093436796359,0.5742240459136606,0.4112334806271707
0.4727644667846862,-1.0803024708717164,0.6972888462286417,0.43146178806452945,-2.018523617981077,-0.03279362814537794,0.40333890701864705,0.890090065647547
0.06753444300214276,-1.7847913152304271,1.982765011945491,0.406920159874197,0.23573080443826888,-0.18283196201415783,-0.29823011291214174,-0.91693249202978
0.07867709317400316,0.3744714264163366,0.34607546005088485,-0.23463137508041992,1.2510076976729498,-0.349906024354516,-0.513622181596662,1.7818041917810779
-0.8691407471266188,-0.31867959543222607,0.6274427551302981,1.496544662022139,-1.906058572402688,-0.4006470971852139,-0.0958193998261613,0.4454101941744071
1.8659289704766564,-1.9638247617667626,0.805681125161756,-0.3394650844940697,1.5525322362768368,-0.18008226061162505,-0.1853423138287831,0.8883163465362285
2.6137320525599166,-0.23991052374668612,1.0120306155231293,0.5208720269878445,-0.5762367367447644,1.7681178402475093,-1.5267962925420975,-0.10867405462345872
-1.0625425292878006,1.519924499769446,0.638984838631039,1.9180194033558597,1.4940687399278407,-0.33755729309602284,-0.9992485840309676,0.9088536771242851
-0.003792671793598592,-0.7582814584827047,-0.02402767524439036,-0.45543024051092135,0.057823521625261595,0.16251548012688227,-0.7078859148046948,-0.017166375843232228
0.11067462097022629,-0.08572225525662176,-0.826608893557836,0.721371173690227,-2.7836838436592597,0.8026185660553691,1.0210721261431432,0.5909976724508981
1.355893183227747,-1.0283032834563037,-0.7596700554425121,0.09312788473979845,0.02162055733503045,0.8503998537247831,0.6376800002136916,-0.04510757181233285
2.7504296550702065,0.014878805222137094,-0.9507509218995862,-0.5298551032896416,0.47098888971105746,0.10606339608690202,-1.4226441165470132,-0.6976768366479378
0.8647500269277504,-0.9349799367015618,-0.5197497778916547,0.6521530975715244,0.6217600414877318,-0.8518570068223285,-1.276070914070832,-2.013852876558287
-0.24453763615356217,-0.5178092071286546,1.778153650001869,0.7218580717130398,-0.20846877844774642,-1.5384434497417643,0.3696744534971463,-0.4043311465564796
0.6634492071666246,0.4837437096874382,0.7889725450658388,1.6876669633244816,-0.5229257701539956,0.7202571675521292,1.4182509879395673,0.2561545894645948
1.5224928669484588,0.9971185527302028,-0.9317053319706671,0.47120905833621346,-1.3399976868535262,-0.1507223552605621,-0.013640832957856841,0.766298789205702
0.0936399016242453,1.0469078221948627,-0.3521065779728152,-0.4274846683829002,0.13038632354340224,-0.7185144298901901,1.6493026000915492,0.34078128728579093
0.8928159893622968,-0.6242009966372296,-0.1809237899876717,-0.9960344316354287,-0.3373793183923876,-0.8800543823410579,-1.5135216542208496,0.02290380121180076
0.06465993464068781,-2.583939412759579,0.8351753276512417,-0.3151974566282637,-0.8140520529000623,-0.039005488520991276,-1.2635342827697402,-0.3450455214209474
0.5109497491024517,0.25395824862986716,-1.5798096614294377,0.6954276370892376,1.1979605856771833,0.14408337037051439,-0.6125000059892209,-1.6270698719197803
0.23706266666363027,-0.5051213330134978,-0.7417200313576134,1.085589665445035,0.45126191064558113,-0.6230577838567846,0.3081712726988393,-0.359968473249354
-1.010588547303314,-0.8331715034123306,0.663384560169012,-0.7834593708079215,3.461421411501742,-1.733355968131778,-0.7662619076370756,-0.8008844433673873
-0.07318943812095254,-0.2847482297611149,-0.8033088706806701,-0.31317724406758385,-0.5508772517733218,1.3591368427694426,1.0403596953378822,-0.2813001172982412
-0.16917012010339913,1.325184902688986,-0.1255112445348625,-1.0632915975881412,1.256531332393238,0.16647707153571117,-0.867040960437082,-1.0796745155208112
1.3694871571567553,0.18854950983884972,-0.7843178515461634,0.35435108353020073,0.19013487198085458,-0.6253610167929524,0.7914564000082209,-1.0643063161052124
-0.5298676473062378,-0.38671300485575055,0.9777539969781611,0.00424903591147354,0.9712182290997414,1.6542897585882084,-1.1550449396119538,-1.3612913959886275
0.20998615998237494,-0.10322402359370636,-0.6079275022667319,0.38218507639984167,-1.3278950902690494,0.8047568334201024,0.7368006715200789,1.8427189866573146
0.016902516605452934,0.4516796596993699,0.16585346041006033,-2.0631176327095546,0.5896382350650022,-0.5075974231344363,0.12146566219764479,0.7737765090730055
0.3821263822610007,-0.8542511781716696,0.30254709714523476,-1.4266715658934919,0.21945192063007932,0.03797627520590885,-0.3028293778303983,-1.0081085485588317
0.13338341351784627,0.1453872569823978,0.5955827372250341,-0.2187192788292668,-1.0587176105268747,0.8233777782271476,-0.5847176803300932,-0.9376164058680597
-0.7212605398247988,-0.14752427041590307,-1.3647801875178847,-1.4546392477273704,1.4497953903249476,-0.15229094441517266,-0.02163177767488231,-0.6291432402000208
1.497180677776649,-0.44884528970656895,1.8380183293831147,0.38599923268924524,-0.4065076789019433,1.4978021669235324,0.6983360286773341,1.2024187713691774
1.2479745209209254,1.06490125403594,0.031764441106353056,-1.766743939439203,0.9010927177049085,1.7724522206768032,1.1016033269564045,0.3584164265899082
-0.4948700423534851,0.15493091717724544,-1.3597355107082814,0.029350510118133628,0.02582256131725096,-1.9907896906460154,0.6966604884924474,0.6259314086919431
-0.21995168513821306,1.0782409906818815,0.5522352557452596,-0.4006895225434058,0.8820851904713239,0.08794723824780877,1.12420677420847,0.016553261432748278
0.9039619884043033,-1.0802391790692092,-1.1185202534902037,0.2792996709681793,0.44586529320969176,-0.09508231386896111,1.7644662233174522,-0.31687530478227394
-0.9503777073104506,0.6411665678784481,-0.0956973693012789,3.306204799949466,1.4491149519078683,0.9465166647979553,-1.2619879776778646,0.013509921384772276
-0.0222015936462444,-0.6395102380897524,-0.7268880385986586,-1.0186342385329445,1.0546828388233003,0.029545300277825697,-1.0836309752670146,-0.41521288551692503
-0.26672372681470713,0.10492801844516102,-1.4736158046198866,-0.3953012340930224,0.4197020362026519,0.5663123540717905,-1.2000251906418766,1.4408849420402927
-1.5256679551064511,0.8344656674287388,-1.2376866830516438,0.3284373503416028,0.0774281595033515,0.18940402750772892,-0.3380292013160876,0.0412046550238732
-0.003805432645131194,1.1759767239409826,-0.030597759024237427,0.12928626084223066,1.5280455064688174,-1.425599024493893,-0.7467072186599903,-0.9290203134816631
-2.1093099333147087,0.40973340471019937,0.04008645442987479,-0.12716570887704798,-0.2911449393294427,-0.4873753900539818,2.4608055829027147,-0.16364979470187915
-0.004047745812981578,-1.3958747425267926,0.845886640455422,-0.21372714564045694,0.5882299802724469,-0.22912112816589997,-0.6811439095546751,-0.667811294740644
-0.720031359377086,1.2263804068506794,-0.27632224951478007,0.9996305687417614,-0.43232756966291436,-1.1298196621187402,-0.4797293478661425,0.10680838549149811
1.6166578454665126,-1.3690207110829895,1.2966205635637384,0.6997663265324395,0.8126825754853869,-1.6360416894570564,-0.9176075761237787,0.09990900153592043
-0.3549235695466755,-0.7055984178877484,0.27886843072571793,-0.21185595763617007,0.35972627742269225,-0.14946605526395199,-1.8715563860633206,0.11591816923443758
0.1282886844978425,-0.037096872110663294,-0.8531759418820827,-0.5245601335468437,0.9296835614599269,1.0863266587378462,-1.1277508699021126,0.44682885024062435
0.37809958960227236,0.04396101312787329,0.47510921812164286,-1.1291942012205272,0.20449735250665052,-0.7533426007833114,0.5295834803688806,-0.65664296181014
0.7850211962404167,-0.35273422947667415,0.1587095169175627,-0.8551028637619187,0.6037081659132953,-0.13308020104017548,1.5106493100808627,-1.2677821721199627
-0.9940787920439678,0.4308402161163559,0.318463555664875,-0.34844601953035076,-0.7614336922923622,-1.222133101717099,-1.2570670764578329,-0.16390215762751714
-1.1878854513313677,-0.9611708183757045,-0.09742981252748509,1.1328913331721044,0.4421145382050567,-0.5441112014014622,1.1425829575561317,0.7664330209423561
0.09806582996412033,-0.8503486054270084,-0.03151091213523603,0.18878069438268677,1.6952807472222904,-1.7189886081640466,0.2931831649942403,1.1160063817258925
0.5766166436243532,-1.5974316723797077,0.4063672746608871,1.5785233760108073,-1.6266992701455605,-1.497098143061631,-1.2995887987869212,-0.7771652426161235
-0.4783568094781736,0.18787908356064054,1.7193649168149565,-1.6387920096304402,-1.1934188559044578,1.0013762854494397,-1.2942729262794448,-0.5899139914705639
0.1802835649763367,0.830297967896359,-0.3581180973413471,0.7511329215183974,-0.5583701483312362,-0.28098216388975583,0.18711113227354959,0.7440158283692972
-0.2508500087360632,-1.3839350081429114,-0.8167465882452443,0.2069158926272941,1.8461037631021695,-0.6809956811030163,-0.12447060484078697,-1.379980995848144
-0.32637612800783466,-0.9308971578108794,1.9988751143702075,-0.4947146813904669,-0.5672438803829292,-0.8129176573346804,-1.6135467346440608,-0.287301878380157
-0.6844337567473023,-0.14702201868416023,0.6672124777037289,-1.6593076948858976,-1.7883130848378028,1.0553762398999704,1.485064319881544,-1.6382831118649508
1.1114012990449949,0.9659202585941705,0.0007013288350836942,-0.4809286211389012,0.43648157407876975,-1.447873220159035,-0.5992765156972517,-0.7377062745946592
-0.02790267034517422,0.8291948099078748,-0.12409380385237057,-0.47812247210191083,-0.9779637012893418,-1.482164473404988,-1.19338548586646,-0.4222696874616974
1.1099849449870576,-0.36790431629108955,0.3757955691841845,-0.4264413438502036,-0.07472298811462076,1.3517527767677247,0.0930444293405499,0.3594102889374737
-1.0438696338376396,-1.1719877039870106,-0.3377925591303217,-0.2596858139230871,0.25022023197838805,1.7535270271195629,-1.2484267072530435,-0.7212255489815028
0.47724988174798044,-0.2381528984069932,-0.6502162951980679,0.3014137123857416,-0.5205718282846468,-0.8255678327892885,2.0638287148877716,2.2976399697676686
-0.2572369863969347,1.0947754825707317,0.5904288953736432,-1.42790469991712,1.6348567004075385,-1.3453571224920844,-1.6113484445816348,0.030640656135452006
0.22753172596141374,0.8792777416635762,-1.4500614133456038,-1.4350721224550589,-1.1427810219742427,0.26110837866695874,0.6579162575928221,0.05109329416644409
-0.37312341885920713,0.00658258150039311,-1.314213282625938,1.1920136304563145,-1.8170076523135794,-0.5208270746652403,-0.8156116245221937,-1.1583966151171041
-0.06568819407711915,-1.6435980728534505,0.8364340651796476,-2.1140990098486525,-0.19252744172472047,1.3702697377830573,-0.26459248086267706,-0.20531803418051872
-0.6169779090395829,0.8794542934768134,-1.594968013689967,-0.9291160653383017,0.36769443595275275,-1.2230036520922682,0.041777949240965694,-0.23763868467201643
-0.7079002048055569,0.6221054093692817,0.21764524294411106,0.025267508761010044,-0.4188950631854706,0.30236446973921555,0.47387517793769157,-0.526826597315551
0.6225179405825806,0.012703495367416917,0.5176087976516074,-1.237387965437184,0.06452258841465822,-0.979403566163134,0.24774729833615403,-1.3545097459587316
1.0081985622238487,-0.33527147075123664,-1.1968241746842594,0.1537288222042659,0.12639571584838358,-0.6443014423324264,1.3857378484754121,1.6546843357165932
0.31159425155489695,0.17989805798541253,0.3455064376934385,-0.96771809747472,-0.3576937715373313,-1.4498048340866405,-0.821628607402233,1.580820470474624
-2.3219556310471283,-0.47975377681673476,0.018527788206885224,-0.0851167779880814,-2.2599403420566797,-1.2126046607661094,-0.7268374262789764,0.6312012536456696
-0.8777602859661596,-0.8745608272730898,-1.4950017165244605,-0.14641643195572268,-1.1304340039367837,1.3289554736211404,0.7866853257142741,-0.8508727184384814
-0.4096522915290734,0.5823917178082134,-0.6963067114638168,0.024785216135556787,-0.29480540440742387,0.6296092975586054,-0.571453619495668,0.2885080047623195
0.6398454848195999,0.4566663945860265,-0.4970018585237323,-1.7872098404647518,-1.3626236908470197,-0.682281685106064,-0.6893009614649819,1.1789472066473434
-1.1398279006573526,-0.20712662811300553,-1.2090591779744755,0.17712742433901427,0.0956442029516982,0.42557629985163753,-0.41338383316257266,-1.1881432466412336
0.7483822952169977,-0.1852098036622835,1.7779439928431109,-0.6114098190602035,1.8679102706514406,0.12128783885648674,-1.6401652692380515,0.14834792253119708
-0.9895945267071712,-0.16822141964733486,-0.26494786133041115,0.06627783099329655,-0.6707025962594784,-0.259060712221534,-0.5209777521983415,0.12890788411236787
0.5016353956052658,-0.09365352544021734,1.9023642270735373,0.8914589686914428,-0.07978304960078521,1.2577956583990757,0.6531293478325025,0.28857348058559
-0.707991654823188,0.3612824598223123,0.15398267957191186,0.4878366183849146,1.4247617550097424,1.3584470400997462,0.9841945058919083,0.0614717498104989
0.705066444663978,1.3481222902179555,0.6211757381974982,0.10199466224952088,-0.19080724648922798,-0.31009751480992187,0.5583170772266554,0.4516268596858703
-0.6221228156766857,1.3457940780839512,0.30879732301948964,-1.6267912812646166,0.6873121903921974,1.1667877968606921,-1.193658574994364,0.49201925438915745
-0.37487287778180206,0.30300584342687165,-0.03604114073625733,0.03782313581567686,-0.5623569558169613,0.10531765487741715,0.2522697719745614,1.2269510985609526
0.02393656730086053,-1.2213738499413658,0.2966409848768473,-1.7266597882228578,0.29981414116705135,0.509077120609386,-0.09012745621112642,0.18299512944958735
-0.12741463192571134,-0.8523951126770132,0.1920141255748763,1.1785521162686574,-0.2797380873508332,0.847344557363642,-0.3925828669705103,0.6150522714716898
-0.4842735719572723,0.3044018284865412,1.7941451479578963,2.250778886766654,-0.39580782008334375,-0.04512031952751744,1.2916174854851794,0.7252215131043124
0.3295741615267495,-1.7243129351377247,-1.7490820633825257,0.1243029989253623,-0.7189033934727628,1.8678186167254367,0.539990401039989,0.715734310927924
-0.28278131446393956,1.1750095090445831,-0.7815548536096069,-1.0980366085267497,0.41354851803851483,0.06173378315977433,-1.4510017676882607,1.81727147336715
-0.004898129067664841,0.01532852451592706,0.7590223989158875,-0.19500904760439342,-0.27901971173573936,-0.5228142934461016,0.6706023768369573,-1.6258118809921356
-0.6839588771626585,-1.8018412924172402,-0.23042780762856335,1.638250313045328,-0.2830673514645405,1.733177629519675,1.9391915727160831,-0.9190646087140413
1.5892996779503514,-0.47737151254919613,1.8940960258687018,0.6454065147621293,0.059459490965263276,-0.1874623102674572,-0.764093290086504,0.8836619597818516
0.18765433572052878,-0.2870588234676667,-1.8118009656441998,0.26952646531876623,-1.8146046933300746,0.48126906660613356,2.167972399714768,0.11831539439811865
0.7214940702455159,0.2156665679242264,-1.4485538499868362,1.0743794246227798,-1.0631529079258724,1.4527510270034134,0.4101146824923242,0.4735081215280304
-0.5459086245903755,-0.49404539433456635,1.4455701453836334,1.093523839762077,-0.08622298942431059,-1.0828960482840977,-0.6366356608374532,-0.14824741274817377
1.1708605933958456,-0.20288241759525943,-0.28000651687222333,-0.410141567043249,-1.0685275771700282,-0.6457027987644931,1.0709276230373708,-0.7489272624995189
-0.9408063879993852,-0.6922632724867357,0.8699745498266519,-1.555975895751162,0.9229202978864584,0.7320104372390972,-0.17964197791395534,-1.2060231470174902
-0.2292021592242963,-1.791632265507246,1.1681084512291593,-0.47371397025216283,0.4585610528698553,0.9004662917321952,0.6766178429203284,-0.16996300026732095
-0.7006659655240359,-0.3608248887024476,0.8620044356950122,1.2832894997780173,-2.61269467903691,0.42827762328659114,0.334095476659056,0.01879630675436909
0.6935164624753105,-0.22832653352628943,1.2363519379483512,1.7594243128735898,0.3348064811187976,0.3239076247526828,0.6172085649710369,-0.09365667429248599
1.4019453849575756,-1.0351101182113471,-0.40127703009037785,0.9392880734477593,2.7837635410499826,-2.533879512682573,0.17047268415777972,1.1567862668170172
0.035061107998370304,-0.8417305738454545,1.3371478665061796,-0.09147178738249898,-1.3766498719407128,-0.3999367718548799,-0.1924829047471789,-0.9941230308454202
1.0312577731446388,1.3830820928402152,0.8633808199656569,1.1597019445909853,-1.3393985317586898,1.64616237048925,0.5460377396343372,0.11187814805450418
0.4351093171998772,-1.5870124153804661,0.6714019137084485,0.6385797911592419,0.9131066834042653,0.013971504470507856,0.6103617751881173,-1.0278059003261697
0.24154629477319708,0.03263526123959154,0.15509324419065376,-0.6606194363908241,-0.8028168977436524,0.8124720986430252,-1.6925904573828405,-0.05743543758221597
-0.7511529115384508,-0.060328916741325726,-0.7066787664454287,-0.5452359300990316,-2.521943000050685,1.3288534441820534,-0.814144030709339,-1.5837835686173944
-2.5431405196896035,-1.736705597396294,0.5775251103353028,1.406642733809696,-0.1409695691544817,-0.6238490692987563,-1.31858803486059,-2.2138579324113206
2.0537730323946057,-0.8829394606613976,0.2782263886130737,-0.16743860683774128,-0.25198821107607317,1.5201462240812609,0.15469404343719542,-1.2678935307197083
-1.61769240742649,-0.9047182596251666,-1.1856098625723737,-1.0178530522892488,-1.0099069911094825,-0.7126618691051857,1.1137257551039152,-0.07253483495946722
2.380547561067662,0.17750192737507306,0.6972254338261736,0.09104374638846667,0.6632118846234487,-0.05860904092050292,0.6649958822089569,0.060210352502991796
0.36096350744993944,-0.682487065352842,0.48274360777112524,-0.4050966625709794,0.25482054251462843,-0.1182588358966677,-1.0035374212507087,-0.506802903061539
-0.24902923596904444,0.6869282064469246,0.5456943952142498,1.7756880679533256,0.21279126433125922,-0.8147563773101062,-0.14488711869410034,0.8016326632419359
-0.28260039137294374,-1.3717431972492884,0.21606583844593025,1.511636482076617,-0.19776746086917327,0.5653928743891868,1.360855726640865,-0.19164313761360285
0.30520599403228577,-1.0436594880425618,-1.6064908542590803,-0.09783660228388408,-0.7256316809664918,1.2593255134952337,1.193596270266154,0.6541144425703483
2.1975893191617843,-0.15170416007991563,0.24827639387060835,-0.10576483709314329,-0.35586254903981107,-0.9910525968368507,1.2221565706146629,0.4927769690469476
-1.2386770154971574,-1.2711668451310354,-1.6780805587757546,-1.335518134668204,-0.2992699826442209,0.32846888923394546,-0.673593028565516,1.089600278792874
-0.40412165252691196,0.1506807420294325,-0.6205023344946436,1.5570794095494431,0.8808994043896619,-0.22432717842239663,1.285753343899539,-1.2029523272575164
-0.865724733461619,-0.14089659691402992,-0.23979798456242654,-0.2628399057062875,0.19208774851259997,1.8706356046575385,-0.2512019941014955,0.4135838138219983
-0.6320725354902775,1.4112064208385595,0.536134915881988,-0.581574564820972,-0.6464649540365911,-0.013474928210147752,-2.011573560637991,-0.6320645039562425
0.7307403177892287,-0.07206042484410799,-0.031705632085583337,-0.5144328611158331,1.5773656843471533,-0.3605967227362184,-0.6028453518983254,-0.19229663736984118
-1.4045284296164775,-1.6289920814289611,2.2737846535311346,0.26842923492782234,-0.07725983150788741,-1.9616913057172356,-1.703652836060722,0.8579962128442474
-0.7766356482443859,-0.6069956368946969,0.9214980624673514,1.1224277416669626,0.7692788969759329,-0.1617491331852663,-0.18672178121899155,0.042858406184385474
-0.008851099293545132,1.1490750935653962,-0.7276641544191306,1.1663876459299367,-0.07955438018449071,0.05770979853011336,-0.911907142950208,1.278760615854941
-0.16300864502502863,1.2090538531026807,0.12121315383565476,0.6792264313833924,1.168310894305587,2.865912674528711,-0.2515287406720514,1.0817007234301865
0.4109798462980245,0.2075987912523278,-0.3582912868825447,-0.5058525477670005,0.6589401062809809,-0.4436165173324804,1.9125716933204042,0.5324025645594445
-0.658336250883007,0.5631839694922276,0.539122491470627,-0.5496643686739077,0.26676272178916727,2.6632081455285723,0.5347994302906192,-1.437253663028728
2.3304948069148885,1.3085081076564067,-0.24159384884103927,-0.6032643113645505,-1.1129039774440184,0.5154760341366953,0.4406128824405496,0.5763822902093836
-0.09365240031607114,-0.2507597574476469,-0.6131509356562173,-1.9852393415833796,-0.36933069910471794,-0.2574591251085198,2.293429420217134,0.723896692185676
1.2341790979349894,-0.07242827968604386,0.41814508956697644,2.049412701836676,-0.8805029608705258,-1.3833406242378643,1.347478107547305,-0.4632515290939624
0.2686825790524734,1.433347869330936,1.5828473531666931,0.07108819250199835,0.4210054863637822,0.7501059858184496,1.917604658306485,-1.332574546012472
0.5591510064924693,0.4581037129215535,0.6381337068871844,1.4724591975259345,-1.1563032163357763,0.6946226883833878,-1.6982872658302772,0.21713070981410318
-0.31728981089889635,-0.45222087409967104,-2.0273852979021956,-1.7753826562193364,-0.6526509038172966,0.4958294644599736,0.43493801346051353,-0.6264285898374524
0.6282772750611025,-1.4946858420414935,0.6955700105306801,-0.43134559835502784,0.47224833675966743,1.3678728633254105,0.4103180123706911,0.9821578102175965
-1.4413796272106083,0.13059270866192935,0.41283494457420966,1.360503630023198,-0.65301130098317,0.09339591878854618,0.2902296251314865,0.7609254374686568
-0.40879336561915997,0.5498378293123898,-0.45412899791463934,0.34650569667943404,0.3499076113573538,-0.044759035495760977,0.03527011868694747,1.5152421443689985
-0.5697757137450523,-0.9425140587393303,0.5408409377356236,-0.06736249465324191,0.4677514860714454,0.47765501293075463,0.9013512985513753,0.29262716552266127
0.7543476661591318,1.242226480421325,-0.5183142947373758,0.08348333616443905,-0.09458407183838546,0.9972896883049835,-0.0029036673618144503,0.231291976777127
-0.503864269276014,-0.20210997327006794,-0.7895916700740511,-0.22573222277634994,0.3927481283324129,1.1590862254771297,-0.2449018092144175,0.18832573717206993
1.377025126412712,-1.0237859457481688,1.1132318842382676,0.7859166739397963,1.7181407979719652,0.2539717714796679,-0.05910037637947906,0.055120035807457224
-0.20252661030107266,-1.2193243484963643,-0.3663374142430897,-0.33186130887830756,-2.232199056098054,-1.126665991653903,-1.6191290317670952,0.23396436118028383
-1.341364275537346,-0.026227494016350463,-0.04140816603150768,-1.7355353589749856,-0.3457569872755437,0.08457070933189394,1.158783600447321,-2.7080046641698483
1.0655692264388439,-0.26324055049856815,-1.407120544842295,-3.0664823348536743,-0.7453108061611801,1.2087146595447467,0.08172139459061771,-0.16313759913022877
-1.120457467688716,0.428489899794607,-0.7411711558160452,1.806226479357536,0.8847685302002447,-0.5763514925963965,0.28434071638128117,-0.2724548239729969
-0.9099354086909549,0.23520311708984312,0.06567614864998979,-1.6142972356408383,-0.7290904402614518,0.8716627862831988,-0.6902615855479062,0.1323947250806671
-0.7664345707243182,-1.1097012479934987,0.17912340583193723,0.36272087997325037,0.024790537547615257,0.43608647300414105,0.3454767959411336,0.10891205664967506
0.7066709166421434,0.31897312035593206,-1.4823324188001208,1.2139189127508048,-0.06533501329479102,-0.967872884906832,0.9953936250358788,-0.4205776108270326
2.1439814224894547,1.7310762032448923,-1.7750751760720707,0.1049475221620638,-0.4321365993618167,0.31630573484042873,-0.5584531886162055,-0.0482825053667228
1.3639230220275314,-0.5454022065808266,0.2667778393495188,-0.5401191395093266,-0.3267144848077115,0.8808775079704594,-1.2220714774053492,0.170000275198878
1.6931804790157798,1.8967182391273092,0.523823344290592,0.23498021866924557,-0.27178043681978653,0.1223965113717383,-0.28019349969122237,0.550469979220235
-0.15521116132154777,0.533965774164378,0.8532196719351862,-0.25360306882368167,0.6677346351329955,-1.0334318117434853,-0.5129299685215705,-0.027962557107905663
-0.025090865439268584,-1.0361651817558843,0.7119174573666425,3.5398537846238147,-0.7258673393942779,-2.7818566462702954,-0.9763190693110786,-0.5366095330238962
0.9252498439159946,-0.11887281126253699,0.4718920338032474,-0.7852637478307599,-0.5741585578704286,0.6370024507825618,0.8394955502463032,-0.3299727962288425
1.9379139884981607,-0.21556638237659886,0.5428559069446783,0.9950460746500635,-3.097931552532899,-0.021526630848300452,0.12811332908712955,0.7355628603191401
-0.7346252041581524,0.3625023293790084,1.8480828450441904,-1.579139359504452,2.649800081024451,0.8427630595369343,-0.4625202566494484,-0.8635991547932006
-1.4666792172319714,-0.4809557576669673,0.49862387821683724,-1.4935800901681522,-0.3234820560589477,-0.29565590065613623,-0.24486843685716267,1.5085776883004338
-0.2129470629388674,-0.06892577064364705,-0.562645315343705,-0.2958719543401571,-0.18273948438953896,0.5687980092030388,0.7783921619414564,0.16265065524826947
-1.3624702452608775,-0.1680340639332306,1.5563238602531366,1.5996786720473364,-0.023752710529584428,0.07563383810685428,0.2778335986235147,-0.4376648291755867
0.10333778713679224,-0.38070885421651346,0.015053578581844768,-0.24868989029245486,0.7931621120962898,-0.17884842727481312,-1.669966976950574,-1.7269934612203113
-0.42362211085306956,-1.1445161836937392,-0.11395510834420794,0.8119101901135672,-0.5338254176778247,0.2087438124262791,2.1695718838418414,-0.3549294173076116
1.4939269906225339,0.10742333871775277,-1.2273271427050703,0.7918329513867878,0.2017507758902946,0.1542431519238787,1.48462841905906,0.6269334348728252
-0.5701816919876993,-1.6913652790626785,-0.12510847527408217,-0.48193760567907223,0.03495074949689545,1.2672230221980918,0.13638112922459777,0.059302121445328614
-0.5587336964174001,-0.5699365302142999,-1.2252334040847375,-0.6418717921485398,0.2121346220997661,0.41315662347202814,-0.7584150379106064,0.04631579811692912
1.2319397711760502,-0.16252915095665785,-1.21773846535091,-1.0434908329251547,0.602825554055303,-0.65737090323964,2.0220606701701325,-0.65912857096994
-0.9959253273373747,-0.78000712687348,-0.2978890540351265,2.381744739301617,1.401494115498717,1.3313016018962054,-0.9245764481916251,2.053035513668791
-2.8186412241802183,0.7285246242585706,1.0731684839687692,-1.307717661051212,1.1465416616864161,0.8943554105873713,-0.2631409644788589,-0.978972139181915
1.290334030171735,0.7320239812247747,1.1813363408648423,-0.34375759849452825,-0.33536387353887326,2.041160318866088,0.8787824670527226,-0.5766106960426742
-0.10606907819747831,1.1552370691357514,-0.24793309004274472,0.0464550744485301,-0.4632551388230135,-1.1728917173483342,-0.29060314108402335,-0.12915796039750305
1.7109378901747367,0.7353747507522532,1.165431348743402,-1.0513944473119687,-1.7700464839927879,0.33936463612396534,2.0899121786822055,1.2424139864482513
-0.21434181751845777,-0.9293391419138015,0.9402071476131821,1.2901670998398778,0.6457373732183532,0.9910110343550187,0.7695553646390372,0.7655845280848605
-0.7743390146491811,0.6352706939630544,-1.1766180685055887,0.14994146329034747,-0.30479225814562566,-1.4488004619533803,0.6482937910242974,-0.0797122730925118
0.25998142960483084,0.7116742894501763,-1.4736706699013835,0.616563849742021,-0.5814590633971978,1.12559370202249,-0.12725193450815692,2.0904459792667733
-1.6680645460777117,-1.4761612348630013,-0.14275423204887272,-1.0529229368587778,0.020540318842910715,0.9166346921754149,1.1808943935930725,-1.7071975792892
-1.449114478732987,0.5190332392803909,-0.4852411856919421,-2.4085475377938717,0.8880201092769346,0.5687718469546479,0.5206056774187896,0.08714996988693993
-0.296623597456844,-0.17245784321017563,-1.3985519120391516,-1.751110856919482,-1.0170790175226618,-1.4646491783930191,-0.28175007883482317,0.18481129921764444
0.982598209569577,-0.7497472796554838,1.6349854474181957,-0.34848586579082436,-1.420132450758634,-0.5486638078162847,-1.3155998693357849,0.795245250344838
-1.960432977867634,-0.7775467523884402,-3.587741734555778,1.56965773413984,1.3038060345340057,-0.03086875747513767,0.30888543188738904,-0.4182405262465435
-0.8237194791942619,0.002121940369912776,0.31519384622665264,-1.7997362204790204,-1.8027619608372818,0.036871833463387065,-0.10226228874242556,0.2741506644269182
-0.2042184904193444,0.9102072095696008,-0.18852370324111262,1.5763620786099668,0.05245156188391463,-0.3482005616663912,-1.2927788161761424,1.0201489226136422
-0.042679043435038054,-0.5763708284935665,-0.4661695959814128,-0.5635649966595786,-0.8932065964019802,-2.7278210000537344,0.9407078243692879,1.2720652146982907
-0.21290820342634767,-1.4183091846353464,0.42354731239601096,1.3324157815414543,0.27224628441965343,-0.039998063637877765,1.7852290340558643,0.6813574374605672
0.28918280703049254,-0.27842837238276885,1.3409468264961688,0.49817365278468295,0.7348432265857286,-1.708904353499705,2.4359208252236617,2.586974189915305
1.2329857859725641,0.9282823272489172,0.5772305642781974,-0.8688845592214812,-0.4037401550351217,-0.7755060238997661,-1.0340138299668176,-1.6534501518819316
-1.99993242126998,0.16257011117502906,0.8601702652601025,0.37661550077029277,-0.7342369411380069,-0.35735506890302343,-1.8192620446034182,1.529167169382395
-0.038970766307075154,0.9167664259776648,1.4212973638380106,-1.459302169134475,0.8680541712064149,-2.5168251218096143,0.8454729268867097,0.12023303306510535
-1.7631183575847473,-1.5669154068019728,0.08464745009614295,2.3871570624846155,0.1289697723180605,0.2771360214895624,-0.2490470362488265,-1.0182425214343918
0.8902388139456373,0.10330511489433555,1.5800368508226807,1.21381208392423,0.9855655949621367,1.2413971503933519,1.5187533961889608,0.28409561515213444
0.24958626693149627,-0.6328226579669092,0.3506446617849208,-0.5306635980501478,0.9018519562712727,0.17738018034752476,-0.4034493863561649,-1.4273656135329427
0.48128140848924794,0.20696423588654825,1.2375218486232331,-1.0506496401634775,0.9034811291939615,-1.9786073627626557,-0.70084681117629,-0.8104662271794438
-1.3996412071279736,-0.03572432197992509,-0.5367507265361053,0.440475944600031,0.9057081465740591,-0.2010099277623812,-0.8571259708284779,-0.18060333265154702
1.4130752290734596,-1.7826031200303785,1.3566147069249683,0.2314958249689031,0.8078679780143948,0.8311353858320542,-0.7383480528766021,0.7892870543774949
-0.24758621834765251,-1.2103037323726231,1.5523742774749278,1.8573353632346612,-0.23175212107144932,-0.7119887680681011,1.804911003151383,-1.5956104719581536
0.6671514834220059,1.6942369730167441,2.0479105782825866,1.0916726397473262,-0.20929451356141768,1.2049527780893998,-1.0581801117380272,-0.7941443054700142
1.3897139035421462,-1.78699559440011,1.0887039208158666,-0.11122804917255953,1.7389559151287228,-0.7791352543256623,-0.8892588021973552,2.646370823405511
0.4309989641365099,-1.5322903405270023,1.082920741887087,-0.6741807823192156,-0.7226006670880408,-2.168364849731481,1.8431434208213566,-0.3567429506275022
-2.283970516436257,0.40018655056350577,-0.8663657080677781,-0.526108272873042,-1.9918397201327325,-0.1816478114490779,0.8648558686885688,0.9359780421994209
0.03789438479329168,-1.2574328702087902,-0.42377384988156735,0.7669803505866096,0.49137145535280696,-1.3612804850743796,-1.4923438498637407,1.4861729210817725
0.4440554943284021,1.3930731836938623,0.6404256022623758,1.689098133196446,-0.5732303506119407,0.18144638441978014,-0.8419060041941481,-0.4979286876550489
0.1994854360772591,-0.18472890572497558,0.36934478318225084,-0.7459776698575349,-0.4485056339816725,-0.06843786903209914,-0.04804873767913171,0.9777845726765777
-1.0499486540375054,-0.30357688635050967,0.785875478744349,0.9997629593827533,-0.8102261165111921,-0.8747082128844264,-1.6361694754883482,-1.3216541470502203
-0.4103846625221653,-1.8701948093583263,-1.1452224296883167,-2.132337469960167,-0.5721473823594182,0.8776276886107093,1.9554714870508823,0.9485102034726934
-0.13214516323296935,1.1701529374716038,-1.0706100381964925,-2.1514182560514885,1.8049871035261407,-0.8407537235399184,-0.11606504162711016,0.5623532720522996
0.5649795555164234,2.1114305812991425,-2.116737457436832,-0.7937175933526291,-0.421213576269448,0.6235609564499808,0.23382124042465013,2.629834332313888
-0.49094792114644226,-0.7108206716562745,0.2789457161514129,1.0750349211120171,0.1551670626340669,-0.031756366882974146,-0.529949691668517,-1.9474113151284747
-0.012417239192034382,0.18638611483591558,0.3292188540845885,0.3871179292267523,0.46470393855946623,1.2375163025043139,0.40362334933873395,1.184326027633239
0.23263477212883077,0.07439629509081541,1.213663198994608,-0.547191390724048,-0.6225559352593654,-0.45374314968912516,0.3164439496727109,1.1902558111489598
0.7201894969029685,0.5079114514053434,0.8964211469832031,-0.4617719452054427,-0.7811356891998762,0.04374937674757895,-0.39059949902733937,-0.6487025980929643
0.1590004013710779,-0.030542541557112966,0.04196976951192508,-1.0089998222386614,-0.2677343480685341,-0.19942041829482607,1.0911445034305856,1.9304906665375565
2.2584044315309293,-0.3091867640597387,-0.3148372827011975,1.2057383238579003,-1.8654473814039148,0.17773282212620514,0.21789561830818885,-0.04196398274804236
-1.1620141661889065,-2.45253415238167,1.2025157478745558,-0.8510143122746204,1.0857587473320918,-0.2580043519369887,-0.39559658634215894,0.7478274518773569
0.24423277332734805,-0.3654567006606181,0.11704794123925395,-0.2792054483658691,-1.215441346717387,0.6102083859140598,0.12735216756970988,0.4665230632462199
2.4680680278214875,-0.2763018967675724,-0.5620027763097937,0.1461332729480171,-1.2460815247019534,0.724207385777903,0.6485163331105662,-0.3946616191401407
0.3139780097034705,-0.1751962736033607,-1.6259872659612,0.0478498697142673,0.8446598187963426,0.22971941547136712,-0.41065887331546014,-0.25605727123067623
0.5701536304280084,1.9677097116396507,-1.152410412524449,-0.12085844566352003,-2.100034507145078,0.016694921684509804,0.27476271349965786,0.09331821686475106
0.8472649398424518,0.8358365752666336,-1.2975223475688749,-1.4133670926283797,-0.9990061597525948,-1.7662237775606338,-0.7533279951991088,0.7037620965368309
2.2331922734872482,0.053972416543545516,-0.19572238754491134,-0.47248650886689664,-0.3579647979978501,-0.4135279425507394,-1.261558178675485,2.3561527504913506
0.24901993650669768,-0.00667355422478652,0.23178768906095928,-0.45799296128254674,0.10674368612264694,1.186341855586964,0.5093376302066276,-0.39003651538916606
-0.8289212621828158,1.5323864679187467,0.06074132970800138,-1.5744928618410916,1.0403451853744397,-0.6818080791233124,-2.3017757678841044,-0.6550571989016792
-0.3215521752697472,-1.9662117672657964,0.5282826487976481,1.7713978393402183,0.37862826802887134,0.1757579026561232,-0.1709139179078062,0.2568899812213595
-0.745704143074959,0.6451275550493514,1.1016666314097945,-0.0759607868455841,-0.19092863318002992,0.3321650195637227,-0.1929432173772498,-0.7896650731036967
1.6730429998570173,0.7534294386430149,1.5650770232371474,0.7875974770725684,0.6675483692387832,-0.6586166831046788,-0.7201328286635338,1.0315362646014103
1.5718649230270665,-0.48277562676712915,0.6545871716470637,0.7312085464487942,0.4505666928542969,0.43008412659200174,0.16653385769153234,0.7544972794591177
-0.8477192264869732,-0.9062468069155185,0.6236458872040364,0.48817414524054736,-0.32166895349333935,-0.8507399468718543,0.02168811373448199,1.7950184832373242
2.63618924434291,0.1945951090541969,1.2332293997599566,1.0968710333603735,-1.4518933120334758,-0.053191520412150896,-0.9454769702677553,-0.10887161613592473
0.5129115564974946,0.041292434385272775,-1.5644524560805841,-0.6475146223236751,-1.3469417482574468,0.18926523830013212,0.19266893590720308,-0.25098235663417007
-0.7257549239078441,1.508953970002098,-0.37179132779062063,0.6112746359292749,-0.21376738345716464,-0.07821121917196033,-1.1201342438427715,-0.599982237863065
-0.076319555062311,3.043333855449644,0.3331418210940136,0.1697802689453885,2.0035827729018894,-0.21827781947215985,-0.4089600472934975,-1.1153434731785912
0.43760954230554944,-0.3107109483340108,0.3985606151277784,0.47431241896355436,-1.3006105080438375,-0.8244656745079795,-1.2801361991462679,0.8427265002363813
0.851030758653203,1.0761285192383212,0.5654973732463056,-0.4769126191571714,-0.36182013533780627,1.8183105530584094,-2.0979683740013866,-1.2602317004886578
0.13590231780857215,0.4092968942987342,-1.4470837522459365,0.9246537212508331,1.0072627885044092,-0.9139105410530094,0.6910719268068585,-1.356008611958295
1.038999286456664,-0.06716126764806235,0.29086315539598745,-0.7073475526258991,0.2420360327210563,0.9963761774295993,-1.0542614146106826,-0.9398663483355965
-1.0683569983594234,-1.6178043244362168,-0.45601982127865937,2.73064116420809,-1.8542285564929106,0.16479710187836855,-0.4425633437275601,0.3946171853215554
0.8701220313307597,1.0813402182853158,0.039496506108600275,-0.741654086208517,1.37254437371669,0.26346437514660254,-0.7305504744640949,0.2103108613850235
-3.0834623710059823,-1.0392228883634502,-0.22189971558821775,0.9993405924632783,-0.2963214696058992,1.29781972926323,0.9088964184763563,-0.31132519033843686
1.1823868847286725,-0.2849954386868244,-1.3671715359378553,-0.4386121567869145,-0.08247670455424475,-0.9060128842925775,0.8623720160079887,-0.7188750554782332
-0.7366827633480563,1.449530082777253,0.8416432062391869,-1.052790938145814,0.8156502395496094,-0.23309045121581784,0.5134306346386563,-1.7755088166570503
-0.7105049000661782,1.7094138284811544,-0.3481160624593426,1.4488905762052475,-0.04046523071445628,-1.802741485470812,0.3674448520200985,1.6396034256308047
-0.44299729107922226,0.312037743187579,-0.14639477714565105,0.3037398620121794,0.4964181855441324,2.3062486289732833,0.6604852263909268,-0.7808538724878024
-0.31623874843015504,-1.5364824039161578,0.14866087679288748,0.683553578294707,-0.9677124839498087,1.2505300631532694,0.7597842984157177,-1.8891813060212779
0.0048053053315017785,0.20882168284484712,-0.30258642548167125,-0.052908011453833975,0.4121507777256612,0.8401830779904848,-0.3953572427201829,1.113912492295576
-1.2869071900042772,-0.7364796595156752,1.6073631259619023,-0.26786368536746014,0.6843737088454142,1.6649402635211394,1.2133803767660356,-0.7547236676274867
0.9797491417646009,1.7486646004850739,-0.5273068949666783,2.4430214655075164,1.0340972870991954,0.9376323028566537,0.7550546950386106,-1.1055451406517642
0.523811485432339,2.0831593787098464,0.5464961847518761,0.3482994101303517,0.9812514795170915,-1.0333082894224475,-1.0122933334607398,-0.3043210195728429
0.7105125867376689,-0.150366240748047,1.0917107331694236,-0.2782346917555812,1.4148502475502778,0.0701550168019108,0.4765288971475735,0.162347265696534
0.022458828643979523,-0.48098373460893,-1.094730851548264,0.11716530666166039,1.033629263259279,1.4923467607508414,0.16283774173711327,0.3717226229132187
-0.19091779361315742,-0.15569255100007787,0.22969362283811248,0.6498057915434905,-0.26521401712054243,-0.3471448481685427,0.1718797081873931,0.618888128889991
1.7534783090819661,-0.29142513712743806,-0.09686414571327805,0.9662523196287502,1.658308026586853,1.509102182624216,-0.22088464911833477,0.19397236515711413
0.49392558956536936,-1.354793449860297,-1.2676323458106016,0.26506336549870013,1.2833031588685018,0.7560405398351145,0.18231377996635417,0.21046417929870587
0.3359263763685802,-0.6383627829162428,-0.230171251523424,-0.029347981187467148,-0.8422634515132402,1.794537062403517,1.087537900965163,-1.072205421839153
-0.767930887414276,-0.43227498537495,0.43636778607003973,0.9009320325102282,-1.2260740038203601,-2.976107669738218,-0.4701723291599346,0.806740198319238
1.0632383869246633,1.1722915001538765,1.3519015810749209,-0.07534319595256922,-0.4444751274007657,0.4476338385980121,0.7926670968272731,1.062568933180115
0.7512095842710481,1.302360331281218,1.4162151431783752,-1.0257349496384909,0.12626484189925966,0.342850601916041,1.0664019732048724,-1.348596816048865
-0.646386939649005,-1.0934497010929822,0.4691867516975535,0.3607527389045465,0.10860922777065408,-0.13681425363770294,-0.040182355327878165,0.9658143934426675
-0.38560094551897695,0.32175554792852307,2.2977860633670084,-1.1663893395289942,-0.22543117304434823,-1.8386755200940175,-1.1428275054776313,0.4569165317206567
0.04925877181015592,-0.03458805147658967,0.3598186961374638,0.1426509731926403,0.9676594671099287,0.7788708402618306,0.5263547133879821,0.7666307106578696
0.6360972737037247,-1.8312352252868507,-0.4318889589106429,0.20053485068897137,-1.2146048943499947,-1.5111131658573933,0.6820638081465418,0.28034190761306416
-0.8185999604051863,-0.1353486606281613,0.1264823190311515,0.5177634409671001,2.165022039234279,0.5395491692851367,0.0051052897701055885,-2.9852942838743832
0.36737259716609905,0.7676604268672871,-0.37785179105832295,-0.1333860759265004,0.5581734893330184,0.5950978497891597,0.19019253801641683,0.9022560163160804
0.6383605919539175,1.7013957262065642,0.6552226402528184,-0.2516455885022574,1.2792778818041832,1.6849030780741654,1.2316753558880384,0.5989006089183407
-0.12191334918454838,2.070335237867708,-0.38001279756028367,-1.5356364551143802,0.10004880772667447,0.5582399449927833,-0.13468769104069991,-0.8535788293193864
2.0308623551598353,-0.197028170963086,0.4642888888347737,-0.32194162970285994,0.1923964660905141,-0.3865009348848075,0.36563959038517396,-1.111590165223967
0.03754163291814719,0.14912285017578902,0.5248178733681497,0.2729740368181004,-0.43293891496467474,0.015256640176293496,-0.021826970022934506,0.8591281839049298
-0.5020618330555628,2.121418487773004,-0.4435662102621411,-0.8698703026586331,1.0463341096539975,-0.10177801352788922,-0.19004021173123772,-0.4731616052229278
1.7737333133849937,-0.5695414129344982,-0.45912257679213797,0.26424751977133826,-0.5763888322674462,0.26969787180506855,-0.3799166344916497,1.8168608826497845
-2.638930107688472,-0.7849518044843289,1.10224701954491,0.25241049479923927,-0.899018394716228,0.23886409350602456,-0.9350076615190034,0.9098846454969228
0.3216666000138256,0.36396898443550496,-0.8745705446826555,1.2758886377765275,0.48742261745821686,1.71568331696947,-0.3884842727007696,-0.2905757420499894
1.8233528733124975,1.3961428512269427,1.205790494419139,-1.5771836173469986,0.3246438706709653,1.1297252052535287,0.016977837686220642,2.133598479628472
0.5321284990118145,1.2187846797565913,1.2372801639096387,-0.790919554724426,-0.5711047865014331,-0.934890631365325,-0.7520003152164625,0.9766659888911743
0.26424512607898437,-0.1833601700566681,-1.018517553731164,-1.562111047730358,-1.3796942927107965,0.4744299559048102,1.9987214725692737,-1.9066038488064199
-0.5947831741693489,0.17851562266600923,1.945489466047442,0.9276162033329116,-0.07811489500382146,0.6056752602210903,-1.4141155881376393,-1.506416918650966
-0.4501975279024564,-1.6919702476571663,-0.8054199526412105,-0.2125907513367503,-0.16808734296824193,-1.4434123235463312,-0.6604066430428679,-0.34588056961534996
0.6941243922591099,-0.09133322925189255,0.11835584041353713,-0.4017743606166559,-0.3034838997475738,-1.6982914012611665,1.7085534295798772,0.054541415733393175
-0.5194158105027035,0.24514174706903483,-0.8657337362735357,1.5066012458346771,-0.46508841724026917,0.022781557561289693,-0.14594194942022123,-0.4259325323596449
0.09361638501627595,-1.5229359767993063,-0.08502665997703447,-1.0856287300749066,-1.4046224199557211,-0.5087785523598429,0.13157595017135806,0.3905406855525749
0.7159832122835957,0.8175664519219679,0.19678323211729906,1.038895036562825,0.8890456202420265,1.087672964349205,0.8204132486817528,1.0033716961342751
1.0566396986452284,-0.9799069650890634,-2.2129412522380494,-0.257280426321719,0.5285252725610016,1.0602364332558614,-2.2524360409326496,-0.4121762283450788
-0.45567846362525105,-0.2526068929902539,1.5334825673860863,-0.4304270803398989,-0.5371300392073007,-0.6200144956570577,0.3052254664679819,-0.8282726863761461
0.3465460880603835,0.09009489548403628,-1.1713607293317236,0.3673093999281359,0.1692336614041622,-0.7508143385459141,-0.7640817661759209,1.6210983607567535
-0.03694893283149859,0.05674921352330638,-0.4572702566351075,1.0536106805338477,-1.5674695614726597,0.14288138331379835,0.07598649803053978,1.4695096091222193
1.2073486504776125,-0.6031958643746232,1.87839170587257,0.4096791627349524,-0.3841510426989934,-0.7543330578098861,0.7294532156367995,0.4645756068004036
-0.21001705192001194,1.258696043012021,2.0777385172942515,-1.0735884459526102,-0.5719342559733835,0.30721935489264773,-0.17786462388716537,0.8558447875249189
-0.5741327106409749,-1.9350516673422284,-0.8821199312928744,-0.23676177593145992,0.10144233382540337,2.957922155459308,-0.8910780448896792,-1.2214718687040436
-0.8040311487617497,1.9821827438694297,-2.7845851402596167,-0.6310000575619282,-1.57083439459446,-0.5463356975285113,0.48544813833484407,0.8924091057557086
-0.5506270244334702,1.372567049670201,0.20375490874055904,0.3848022445685974,2.1421025526561093,1.9321579522351193,1.8926922943893476,-1.307609458204772
-0.3512881809928027,0.3290584837894709,0.4910761796094786,0.645626562856926,-0.9759644272306437,-0.7378684640956831,0.3557929429175371,1.629687015264408
-0.25059502348150087,-0.8895121292944774,-0.8158460520021624,-1.4999793599419364,-0.06594620052507098,1.7127229916572684,-0.6581979986716849,0.2672190724071671
-0.8091701276785153,-1.8062182414776766,0.33224497753577403,0.168712683987244,-0.0009689313283552571,-0.4445143097997436,-1.4909292729212917,-1.902482969899504
1.1877143850044143,0.24794578535633338,-1.5706977947494851,-1.5775762340032733,-1.1553793997057502,-1.3459988752126848,1.2588036384184924,0.009771096581747905
1.4321153810535778,-1.007147829985775,-1.3627952493095745,0.26144817101644163,0.9354210100362013,0.3966704153642445,0.7627973097141412,1.3859528794574967
1.6546557134620787,0.03850216008994454,2.1271760166730913,-0.5507952388945231,0.8185301868610289,0.2383021436261322,0.016830215642763352,0.7679218151396957
2.1050512749852475,1.4488661408587535,-1.585472273655606,1.2327805184962006,-0.45196043629587607,-0.40588230039296136,-0.5510754463288194,0.025407476357152077
-0.37876588225978874,-0.5937859781456576,0.24390081356516685,-0.18230982528280065,0.3090666679396947,-2.227540276290479,0.8814931672586016,0.7449256579390192
1.8085310875778384,1.5655617210573762,2.024445819753428,-0.6013724700335025,1.0809121360914957,-2.971249006616382,0.7480111875737534,1.816984285110719
-0.5227178793082307,-0.5723810292229868,0.3058467549270319,-0.9170774243773085,-0.2566227528498264,0.6857971618214224,-0.7653126019539684,-0.6699901648693706
1.4635813676008107,0.14922386171229032,1.0325696906596573,0.4113908365533606,-0.33788499752105977,0.2192592408166788,-0.7326875165951108,1.6255417671574435
-0.7313303410460034,-0.009494933412630824,-1.942620524314491,-1.0163103921887313,-1.3130944805805607,-1.4895301260518532,0.5951640489110344,1.1538608467305846
0.845770258556058,0.8718473380862445,-1.7596635256834876,0.17865316798039996,1.2224387910291925,0.6224242521109816,-0.7152605999834971,-0.9257185040169517
-0.6460961693071393,-0.3123779222189422,-0.605646354006978,-0.6450161252717654,1.2245702211063438,-0.45976951614537415,0.028955262171170972,0.45887267893536043
-2.22515143277973,2.0382841326567673,0.24543589151968606,-0.1522919509495888,0.025603148603950097,1.3504986850270149,1.4259113462714417,-1.7844860373058626
0.29039031172338625,0.21565295073323193,0.502397600780562,-0.1467813612993781,1.1300348873726376,0.0813445450308793,-0.5129330448872372,0.6636729491593105
0.17518462385031122,-1.1560730541817763,1.8395768531334937,-0.9403829245342235,-2.659742309086011,-0.7268763439606392,-1.6214301538073628,0.974232240049735
0.5294544470616332,-0.33230577211375745,-0.9103720902205896,1.0590085694838458,-0.126204322511425,0.9859339860955443,-0.7788688493708104,-0.2672790663828252
1.5710940460005862,-0.5623037231252834,-0.44021006319650635,0.010176418623658775,1.2807248775833397,-1.1624622440146413,-0.09182249014610588,-2.592335696169878
1.5351820711466078,-0.4798024150217745,0.2550561155274179,1.5771295758261739,-0.1267236202025838,0.08396851924615585,-0.32969498522431445,0.5514682153378503
-0.15807472750270055,0.6690800565350101,0.9372650081175795,-0.010926135092328664,1.0194057653610002,-0.42310737503594176,1.2857830816643072,-2.1196100141843472
0.799325799516427,-0.57774220965157,-1.2576817622736989,-1.7134065236054068,-1.7477112803917358,0.7140344577254236,-0.48338508460160706,0.06945067638327022
-1.6723845627374376,0.9859664514550696,-0.3349393494753524,0.1782297550800882,2.164432100727791,1.156436305069549,-0.5965566151994285,0.3965619225604378
-1.573487821740462,-0.5406933003269675,1.1119477554663364,-0.7170691109991097,0.2674611183882631,-1.4897430323358647,0.3143396528964012,1.3135286732743654
0.0465985569008483,1.5445059447835232,-0.1311341421696629,0.12366287879448852,-0.6913256633023622,0.054916515143711445,0.0569485281712459,0.7924776029102374
0.06316064290700815,1.9105956280479957,2.6643875293158508,0.23332389682529414,-1.3627329696616195,-0.3319892031744915,0.18960821350414206,-0.4361462573967997
0.8595206852567586,-0.2018254309815033,-1.04582179157451,-0.8139217500309304,0.3040166680312877,0.1751128197707784,-0.41116167009554994,-1.235711378493787
0.5118834187873837,-0.8147980101037129,0.6234374469030483,-1.7441460598100578,-0.4947487279465618,-0.47048727763813886,0.5033776924574497,0.8975405803488096
-0.9517264156210039,-0.40646956644890153,0.31313087644294946,0.4243931080395075,1.7329994608435206,-0.712491441062944,-0.5279992324411642,0.9058819842738619
-1.0963375837363911,1.492392759139581,0.12377355774009623,0.9396362967277603,0.474166333357355,0.288114329486279,0.6607589390535018,-0.589306009576683
-0.911581809762934,1.2703859156509125,1.9167573290285758,-0.12734106718521848,1.5736207389661352,0.016253256568994186,0.8974596035973917,-0.49254339856467205
0.9356393909499707,-3.25662813271843,-0.7176900240398171,-2.205910593459329,-0.4847634127914662,-1.0536518082472437,1.0533966391935445,0.29445142095675186
-0.7919682260101125,-0.4157864928385273,1.4337269869570168,-1.6645263741881695,-0.20735935413431217,-0.7332641319963649,-0.14098829061616647,0.4495406335352483
-0.6260353279669432,1.5867567062524122,0.807033511673458,0.9814857368454768,-1.1421198626760636,0.25303949693488437,-0.2709641383305464,-0.16243431008482623
-0.18754681381557747,-0.5920573604971096,0.10378931504094561,-1.0261377500302675,0.8303179624920125,0.22507512466993698,1.101476836782364,-1.4650217633003522
0.4899781288775133,0.11497252310898375,1.1826917685870466,1.819312772088554,0.6299275938850297,0.11265110632020602,-1.1051417365614706,-0.2794504887156073
-0.8422624651302748,-1.1000684177075688,0.481043355899193,0.30878553800160263,-0.4614126132779406,-0.42161000139083304,-0.7397101892501184,-0.6819840296330625
-0.413061233642664,1.5456909945183899,-0.8333220110445674,0.024394049784504452,-0.7152240581437158,1.0663522891604251,-0.3558522892658578,-0.6189585266795924
0.251709238685368,-0.4875475971919477,0.7150091624827248,-1.2043527678999297,-1.2671131278127916,-0.31459433323126695,1.8852738322129905,-0.7126646020182759
-0.35348441857181045,0.2589234217938603,-0.09321821968037042,1.2856752805937304,-0.48940232582301246,0.034981158827249226,1.5462301442355297,-0.1423594899952638
-0.03249219374793826,1.688282120926937,-2.0435016663025882,0.34653195297755396,0.2715519585464586,-1.4795638414231544,0.11326479341574885,-1.308011051419908
-0.5282194396321105,-0.14102638963835984,1.1009337952180656,-1.8315739006096536,1.6268965103415018,0.4295029230987248,2.4974727997713,-1.31138197619807
0.6446464257930161,0.11407911687964248,-0.19792502105216292,0.6308275185686703,-0.9116251912316079,-0.5730008518863878,-0.49583412477911765,0.6741668822421262
0.07470995991785742,-0.1991643933943202,-0.08385694625825149,1.0512087133853254,-0.5254642735847733,-0.6764539632982249,0.2384436213818553,-1.0147206395592252
1.425598945990856,-0.028291308516131177,-1.7267566106880603,-1.396256910083496,1.5813805737287583,-0.4105045631263142,0.25055898317145037,0.15762853892326578
-0.18736766943250757,-0.21895652819463446,1.0584242575697331,-0.7975827855713788,-0.48189256331375835,1.7632634190543754,0.3138463018292935,1.2251963135253627
0.5261100742527145,0.5619912688180593,1.3868800701938515,1.9307928827397915,-1.3876506138873792,-0.09700296241451209,-0.4163115393619273,-1.6753034117145413
1.0308736437654595,-0.3602189391765627,-0.5617724471438558,0.2463714787667822,-1.1130843811222377,-0.9781774414997132,0.18200747822321814,-0.8591583002167856
-0.5111246081547528,1.8168799755376746,-0.85956689231457,-0.6880805270412266,-1.050785743341657,0.7078311584273304,1.0320500845472447,0.46156584375028686
-1.1528868886584833,0.2606489943153019,-0.6389831443749245,-0.7578528403704429,-0.5279261453910229,0.8713888693865766,-1.4645670003103661,-1.4551242551541401
-1.6098198315794043,-0.3812326167733335,-0.5247140182560464,0.7384761269085643,-0.18297232480137302,0.5774927498580739,-0.28906787655216704,0.20103580037956972
0.01824643233822727,0.1958615544539243,-0.5426119423786433,-0.8143825924381589,2.0350891588887063,-0.1481614495790682,1.1305431460415873,-1.2994136356256711
0.6396533519340546,-0.514695394040871,-0.14627156630068308,0.8646195061916531,-0.6301935460505951,-0.7104894833502668,0.19582627407720615,-0.11609664162731854
1.1466563834133634,1.5254897116760262,2.259467171134341,-0.3713840252623198,0.5214454805773936,0.07674034142313373,-0.7357617332774267,1.3707482314449424
-0.5946292638673318,-1.2835619302221213,-1.1694353134343636,0.2761724074782293,0.5237258360470788,0.059439616093772414,-1.214093472893456,-0.1013565189130541
0.02107337676127298,0.7299283057564272,0.4877629554354021,-0.9437375376945939,0.6336289026286657,-0.7796966459442763,-1.1399906036693632,0.4123434277254144
0.4057059937368047,0.20176784286040614,1.9631526671781165,-1.0360909999590524,0.7839674040017031,0.9090666041093459,1.6131805163795703,0.6346299931040018
0.6248687968638059,-0.16949469339002282,-0.5392666684995322,-0.07097724305975472,-0.6045760068077184,-0.6126357471694233,-0.35202678494812084,-1.0444661240080213
-0.08921923973391536,-0.0935358126387939,1.5422101937916461,-0.02951122668360666,-2.122426910687775,0.9401144647107615,-1.6119362981894987,1.002193720433077
0.45075636909950356,1.004643929173764,-1.1155183217521674,-2.630320943532603,0.9102379858539976,-0.37402999270581333,1.2794978950645408,0.10352071530467065
0.2270618242141377,-0.7996474072119534,0.8045373559187484,-1.213244220664617,-0.04185445497578703,-2.1844076736031983,-0.1729165094261084,-0.8455775550998386
0.6733337571061412,-0.9383382789779114,1.164194180827257,-2.569884812815053,-0.5765161334979394,1.5073292578557382,-1.6513465472235018,-0.05660091722768423
1.7832241586317108,0.6860574806158172,0.0957655379868073,0.009021632909535763,-0.18936871115509746,-0.17612399077982188,-2.073841658515094,-0.017571680251217175
0.3938084246649908,0.49900478065526715,-2.659328524725439,-1.007462406676875,1.0407465483520923,-0.5744931924183946,0.3016514004905453,-0.609913780934988
-0.9227453239236866,0.45125106682685107,-0.8447644539172883,0.049026026586271934,2.093832231743765,0.7265787705364211,0.31781782232561506,-0.7959139155457766
0.2115652883622147,-0.1958565288999666,1.4767943389853833,0.10081556247345791,-0.8574082721871026,-0.56325383704375,-0.4737083794051792,-2.6411370914907026
-1.0836036988632758,0.15573646681016604,1.0388095489509706,0.3774981007870981,-0.59101514201526,0.7423493020601097,-0.8653367284229497,-0.6827946073005239
0.12838402261902707,-0.8622355841473145,-0.5399609330589487,-0.19294313292005244,-0.062151940316196884,-1.2495105703494012,-0.7002443499956986,-0.41611041625058
-0.15735487087675937,0.8901328062036822,0.9326359469801047,0.061610033364996306,1.085611686267248,-0.49955349099578983,-1.740683339228752,0.6335160918220837
-0.5829704931822577,-0.2899060525673641,-1.2062190452485015,-0.7392510332076511,0.648452482360641,0.8557566665117247,0.33412553629179215,-0.8749109438998116
0.19027119448628851,-0.5210676566116605,1.6451843690435533,1.2525973691863856,-0.1433032780736268,-0.09242468250713697,0.9560128217233425,-0.2672542906593555
-1.0155237188105046,-0.8307896619859985,-0.8850204909806947,-0.06933296305579499,-0.17671896944951226,1.386554739556717,0.6416229572280058,-1.168606692730651
